-- MySQL dump 10.13  Distrib 5.7.21, for Linux (x86_64)
--
-- Host: localhost    Database: coldendspares
-- ------------------------------------------------------
-- Server version	5.7.21

/*!40101 SET @OLD_CHARACTER_SET_CLIENT=@@CHARACTER_SET_CLIENT */;
/*!40101 SET @OLD_CHARACTER_SET_RESULTS=@@CHARACTER_SET_RESULTS */;
/*!40101 SET @OLD_COLLATION_CONNECTION=@@COLLATION_CONNECTION */;
/*!40101 SET NAMES utf8 */;
/*!40103 SET @OLD_TIME_ZONE=@@TIME_ZONE */;
/*!40103 SET TIME_ZONE='+00:00' */;
/*!40014 SET @OLD_UNIQUE_CHECKS=@@UNIQUE_CHECKS, UNIQUE_CHECKS=0 */;
/*!40014 SET @OLD_FOREIGN_KEY_CHECKS=@@FOREIGN_KEY_CHECKS, FOREIGN_KEY_CHECKS=0 */;
/*!40101 SET @OLD_SQL_MODE=@@SQL_MODE, SQL_MODE='NO_AUTO_VALUE_ON_ZERO' */;
/*!40111 SET @OLD_SQL_NOTES=@@SQL_NOTES, SQL_NOTES=0 */;

--
-- Table structure for table `incoms`
--

DROP TABLE IF EXISTS `incoms`;
/*!40101 SET @saved_cs_client     = @@character_set_client */;
/*!40101 SET character_set_client = utf8 */;
CREATE TABLE `incoms` (
  `id` int(6) NOT NULL AUTO_INCREMENT,
  `materials_id` int(6) NOT NULL,
  `qty` decimal(5,2) NOT NULL,
  `came_from` int(2) NOT NULL,
  `came_to` int(2) NOT NULL,
  `responsible` varchar(64) NOT NULL,
  `trans_date` date NOT NULL,
  `ref_doc` varchar(16) DEFAULT NULL,
  `comment` text NOT NULL,
  PRIMARY KEY (`id`),
  UNIQUE KEY `id` (`id`)
) ENGINE=InnoDB AUTO_INCREMENT=93 DEFAULT CHARSET=utf8;
/*!40101 SET character_set_client = @saved_cs_client */;

--
-- Dumping data for table `incoms`
--

LOCK TABLES `incoms` WRITE;
/*!40000 ALTER TABLE `incoms` DISABLE KEYS */;
INSERT INTO `incoms` VALUES (4,27,1.00,0,1,'Склад','2011-02-28','8000002725',''),(5,19,2.00,0,1,'Склад','2011-08-03','8000007233',''),(6,86,3.00,0,1,'Склад','2011-08-05','8000007385',''),(7,254,20.00,0,1,'Склад','2011-08-05','8000007385',''),(8,255,10.00,0,1,'Склад','2011-08-05','8000007385',''),(9,256,29.00,0,1,'Склад','2011-08-05','8000007385',''),(10,235,30.00,0,1,'Склад','2011-10-17','8000007694',''),(11,223,8.00,0,1,'Склад','2011-10-17','8000007694',''),(12,232,30.00,0,1,'Склад','2011-10-17','8000007694',''),(13,257,30.00,0,1,'Склад','2011-08-24','8000007766',''),(14,137,6.00,0,1,'Склад','2012-03-19','8000010630',''),(15,258,1.00,0,1,'Склад','2012-03-19','8000010630',''),(16,123,5.00,0,1,'Склад','2011-10-25','8000011053',''),(18,121,6.00,0,1,'Склад','2011-10-25','8000011053',''),(19,184,3.00,0,1,'Склад','2012-01-25','8000011172',''),(20,259,2.00,0,1,'Склад','2011-12-20','8000011217',''),(21,260,10.00,0,1,'Склад','2012-03-26','8000013387',''),(25,86,5.00,0,1,'Склад','2012-03-19','8000016733',''),(26,109,1.00,0,1,'Склад','2012-06-01','8000016751',''),(27,110,2.00,0,1,'Склад','2012-06-01','8000016751',''),(28,133,2.00,0,1,'Склад','2012-06-01','8000016751',''),(29,185,2.00,0,1,'Склад','2012-08-13','8000017128',''),(30,261,10.00,0,1,'Склад','2012-08-29','8000017308',''),(31,262,15.00,0,1,'Склад','2012-08-29','8000017308',''),(32,263,10.00,0,1,'Склад','2012-08-29','8000017308',''),(33,264,10.00,0,1,'Склад','2012-08-29','8000017308',''),(34,265,4.00,0,1,'Склад','2012-08-29','8000017308',''),(35,261,4.00,0,1,'Склад','2012-08-29','8000017910',''),(36,262,10.00,0,1,'Склад','2012-08-29','8000017910',''),(37,263,10.00,0,1,'Склад','2012-08-29','8000017910',''),(38,264,10.00,0,1,'Склад','2012-08-29','8000017910',''),(39,266,4.00,0,1,'Склад','2012-08-21','8000020184',''),(40,267,20.00,0,1,'Склад','2012-11-23','8000020291',''),(41,268,1.00,0,1,'Склад','2012-11-23','8000020291',''),(42,274,3.00,0,1,'Склад','2012-11-23','8000020291',''),(43,280,5.00,0,1,'Склад','2012-11-23','8000020291',''),(44,281,20.00,0,1,'Склад','2012-11-23','8000020291',''),(45,140,10.00,0,1,'Склад','2012-07-03','8000020297',''),(46,35,1.00,0,1,'Склад','2012-12-04','8000021279',''),(47,282,2.00,0,1,'Склад','2012-09-04','8000021346',''),(48,83,2.00,0,1,'Склад','2012-10-19','8000022045',''),(49,283,1.00,0,1,'Склад','2012-10-15','8000022613','Электродвигатель Siemens 1LA7073-2AA12  0,55 кВт'),(50,284,1.00,0,1,'Склад','2012-10-15','8000022613',''),(51,285,2.00,0,1,'Склад','2012-09-27','8000022613',''),(52,222,10.00,0,1,'Склад','2012-11-19','8000024127',''),(53,212,5.00,0,1,'Склад','2012-11-19','8000024127',''),(54,228,2.00,0,1,'Склад','2012-11-19','8000024127',''),(55,219,5.00,0,1,'Склад','2012-11-19','8000024127',''),(56,286,16.00,0,1,'Склад','2012-11-19','8000024881',''),(57,288,300.00,0,1,'Склад','2013-01-10','8000024881',''),(58,147,1.00,0,1,'Склад','2013-05-14','8000024878',''),(59,289,100.00,0,1,'Склад','2012-11-29','8000024881',''),(60,290,100.00,0,1,'Склад','2012-11-29','8000024881',''),(61,291,445.00,0,1,'Склад','2013-04-01','8000025295',''),(62,292,1.00,0,1,'Склад','2013-10-07','8000025726',''),(63,293,1.00,0,1,'Склад','2013-06-19','8000025874',''),(64,294,9.00,0,1,'Склад','2013-02-28','8000025908',''),(65,212,1.00,1,0,'Рамиль Муллагалеев','2017-07-18','574881',''),(66,184,3.00,1,0,'Рамиль Муллагалеев','2017-07-19','575162',''),(67,185,2.00,1,0,'Рамиль Муллагалеев','2017-07-21','575782',''),(68,295,10.00,0,1,'Склад','2013-01-09','8000026286',''),(69,296,10.00,0,1,'Склад','2013-01-09','8000026286',''),(70,297,10.00,0,1,'Склад','2013-01-09','8000026286',''),(71,98,1.00,0,1,'Склад','2013-05-13','8000026599',''),(72,300,5.00,0,1,'Склад','2013-07-03','8000029984',''),(73,300,5.00,0,1,'Склад','2013-07-03','8000029984',''),(74,301,5.00,0,1,'Склад','2013-07-03','8000029984',''),(75,302,4.00,0,0,'Рамиль Муллагалеев','2013-07-03','8000029984',''),(76,302,4.00,0,1,'Склад','2013-07-03','8000029984',''),(77,303,2.00,0,1,'Склад','2013-08-14','8000030932',''),(78,300,2.00,1,0,'Рамиль Муллагалеев','2017-08-01','577734',''),(80,304,70.00,0,1,'Склад','2013-06-20','8000030933',''),(81,305,2.00,0,1,'Склад','2013-10-02','8000034678',''),(82,306,10.00,0,1,'Склад','2013-12-23','8000036476',''),(83,307,8.00,0,1,'Склад','2014-04-02','8000036487',''),(84,148,5.00,0,1,'Склад','2014-04-21','8000038462',''),(85,125,4.00,0,1,'Склад','2014-03-28','8000038462',''),(86,80,10.00,0,1,'Склад','2014-05-21','8000038462',''),(87,308,1.00,0,1,'Склад','2014-05-19','8000039413',''),(88,266,4.00,1,0,'Рамиль Муллагалеев','2017-11-15','601685',''),(89,300,3.00,1,0,'Рамиль Муллагалеев','2017-11-20','602431',''),(90,306,10.00,1,0,'Рамиль Муллагалеев','2017-12-25','610400',''),(91,185,3.00,0,1,'Склад','2017-09-25','8000075140',''),(92,185,3.00,1,0,'Рамиль Муллагалеев','2017-10-19','595189','');
/*!40000 ALTER TABLE `incoms` ENABLE KEYS */;
UNLOCK TABLES;

--
-- Table structure for table `lists`
--

DROP TABLE IF EXISTS `lists`;
/*!40101 SET @saved_cs_client     = @@character_set_client */;
/*!40101 SET character_set_client = utf8 */;
CREATE TABLE `lists` (
  `id` int(6) NOT NULL AUTO_INCREMENT,
  `materials_id` int(6) NOT NULL,
  `orders_id` int(6) NOT NULL,
  `qty` decimal(5,2) DEFAULT '0.00',
  PRIMARY KEY (`id`),
  UNIQUE KEY `id` (`id`)
) ENGINE=InnoDB AUTO_INCREMENT=3 DEFAULT CHARSET=utf8;
/*!40101 SET character_set_client = @saved_cs_client */;

--
-- Dumping data for table `lists`
--

LOCK TABLES `lists` WRITE;
/*!40000 ALTER TABLE `lists` DISABLE KEYS */;
INSERT INTO `lists` VALUES (2,185,2,3.00);
/*!40000 ALTER TABLE `lists` ENABLE KEYS */;
UNLOCK TABLES;

--
-- Table structure for table `machines`
--

DROP TABLE IF EXISTS `machines`;
/*!40101 SET @saved_cs_client     = @@character_set_client */;
/*!40101 SET character_set_client = utf8 */;
CREATE TABLE `machines` (
  `id` int(3) NOT NULL AUTO_INCREMENT,
  `name` varchar(24) DEFAULT NULL,
  `place` varchar(24) DEFAULT NULL,
  `status` int(1) NOT NULL,
  `to_do` text,
  `to_replace` int(3) DEFAULT NULL,
  `to_order` int(3) DEFAULT NULL,
  `unit_01` varchar(32) DEFAULT NULL,
  `unit_02` varchar(32) DEFAULT NULL,
  `unit_03` varchar(32) DEFAULT NULL,
  `unit_04` varchar(32) DEFAULT NULL,
  `unit_05` varchar(32) DEFAULT NULL,
  `unit_06` varchar(32) DEFAULT NULL,
  `unit_07` varchar(32) DEFAULT NULL,
  `unit_08` varchar(32) DEFAULT NULL,
  `unit_09` varchar(32) DEFAULT NULL,
  `unit_10` varchar(32) DEFAULT NULL,
  `unit_11` varchar(32) DEFAULT NULL,
  `unit_12` varchar(32) DEFAULT NULL,
  `unit_13` varchar(32) DEFAULT NULL,
  `unit_14` varchar(32) DEFAULT NULL,
  `unit_15` varchar(32) DEFAULT NULL,
  `unit_16` varchar(32) DEFAULT NULL,
  `comment` text,
  PRIMARY KEY (`id`)
) ENGINE=InnoDB AUTO_INCREMENT=117 DEFAULT CHARSET=utf8;
/*!40101 SET character_set_client = @saved_cs_client */;

--
-- Dumping data for table `machines`
--

LOCK TABLES `machines` WRITE;
/*!40000 ALTER TABLE `machines` DISABLE KEYS */;
INSERT INTO `machines` VALUES (1,'Холодное покрытие','A1',5,'Заполнить запчасти',33,32,'','','','','','','','','','','','','','','','','Тестовая запись.\r\nLorem ipsum dolor sit amet, consectetur adipisicing elit. Animi architecto at autem blanditiis commodi, deleniti est iste laboriosam magni maiores maxime, necessitatibus non optio quo quod repellat sint tempore ullam.\r\n'),(2,'Конвейер','A1',5,'',0,0,'','','','','','','','','','','','','','','','',''),(3,'Паллетайзер','A1',5,'',0,0,'','','','','','','','','','','','',NULL,NULL,NULL,NULL,NULL),(4,'Вентилятор леры','A2',5,'',0,0,'','','','','','','','','','','','',NULL,NULL,NULL,NULL,NULL),(5,'Конвейер','A2',5,'',0,0,'','','','','','','','','','','','','','','','',''),(6,'Паллетайзер','A2',5,'',0,0,'','','','','','','','','','','','',NULL,NULL,NULL,NULL,NULL),(7,'Вентилятор леры','A3',5,'',0,0,'','','','','','','','','','','','',NULL,NULL,NULL,NULL,NULL),(8,'Конвейер','A3',5,'',0,0,'','','','','','','','','','','','','','','','',''),(9,'Паллетайзер','A3',5,'',0,0,'','','','','','','','','','','','',NULL,NULL,NULL,NULL,NULL),(10,'Вентилятор леры','A4',5,'',0,0,'','','','','','','','','','','','',NULL,NULL,NULL,NULL,NULL),(11,'Конвейер','A4',5,'',0,0,'','','','','','','','','','','','','','','','',''),(12,'Паллетайзер','A4',5,'',0,0,'Магазин поддонов','Подъем цепи','Укладчик листов','Центрирующая рама','Сепаратор','Стакер','Блоки перед стакером','Фазосдвигатели','Зажимы на стакере','Укладчик лотков','','',NULL,NULL,NULL,NULL,NULL),(13,'Вентилятор леры','A5',5,'',0,0,'','','','','','','','','','','','',NULL,NULL,NULL,NULL,NULL),(14,'Конвейер','A5',5,'',0,0,'','','','','','','','','','','','','','','','',''),(15,'Паллетайзер','A5',5,'',0,0,'','','','','','','','','','','','',NULL,NULL,NULL,NULL,NULL),(16,'Вентилятор леры','B1',5,'',0,0,'','','','','','','','','','','','',NULL,NULL,NULL,NULL,NULL),(17,'Конвейер','B1',5,'',0,0,'','','','','','','','','','','','','','','','',''),(18,'Паллетайзер','B1',5,'',0,0,'','','','','','','','','','','','',NULL,NULL,NULL,NULL,NULL),(19,'Вентилятор леры','B2',5,'',0,0,'','','','','','','','','','','','',NULL,NULL,NULL,NULL,NULL),(20,'Конвейер','B2',5,'Заполнить запчасти',0,0,'','','','','','','','','','','','','','','','',''),(21,'Паллетайзер','B2',5,'',0,0,'','','','','','','','','','','','',NULL,NULL,NULL,NULL,NULL),(22,'Вентилятор леры','B3',5,'',0,0,'','','','','','','','','','','','',NULL,NULL,NULL,NULL,NULL),(23,'Конвейер','B3',5,'Заполнить запчасти',0,0,'','','','','','','','','','','','','','','','',''),(24,'Паллетайзер','B3',5,'',0,0,'','','','','','','','','','','','',NULL,NULL,NULL,NULL,NULL),(25,'Вентилятор леры','B4',5,'',0,0,'','','','','','','','','','','','',NULL,NULL,NULL,NULL,NULL),(26,'Конвейер','B4',5,'Заполнить запчасти',0,0,'','','','','','','','','','','','','','','','',''),(27,'Паллетайзер','B4',5,'',26,0,'Счетчики на каналах','Заполнение каналов','Вход в стакер','Сепаратор (наличие слоя)','Под захватом (контроль слоя)','Захват','Центр. рама (контроль уровня)','Центр. рама (скорость захвата)','Укладчик листов','Укладчик листов (наличие лотка)','Укладчик лотков','Магазин лотков (наличие лотка)','Конвейер поддонов','Конвейер паллет','Защитный барьер','Без привязки к узлу','Текст комментария.'),(28,'Холодное покрытие','C1',5,'Заполнить запчасти',0,0,'','','','','','','','','','','','','','','','',''),(29,'Конвейер','C1',5,'Заполнить запчасти',0,0,'','','','','','','','','','','','','','','','',''),(30,'Паллетайзер','C1',5,'',0,0,'','','','','','','','','','','','',NULL,NULL,NULL,NULL,NULL),(31,'Холодное покрытие','C2',5,'Заполнить запчасти',0,0,'','','','','','','','','','','','','','','','',''),(32,'Конвейер','C2',5,'Заполнить запчасти',0,0,'','','','','','','','','','','','','','','','',''),(33,'Паллетайзер','C2',5,'',0,0,'','','','','','','','','','','','',NULL,NULL,NULL,NULL,NULL),(34,'Холодное покрытие','C3',5,'Заполнить запчасти',0,0,'','','','','','','','','','','','','','','','',''),(35,'Конвейер','C3',5,'Заполнить запчасти',0,0,'','','','','','','','','','','','','','','','',''),(37,'Холодное покрытие','C4',5,'Заполнить запчасти',0,0,'','','','','','','','','','','','','','','','',''),(38,'Конвейер','C4',5,'Заполнить запчасти',0,0,'','','','','','','','','','','','','','','','',''),(39,'Паллетайзер','C4',5,'',0,0,'','','','','','','','','','','','',NULL,NULL,NULL,NULL,NULL),(40,'Холодное покрытие','C5',5,'Заполнить запчасти',0,0,'','','','','','','','','','','','','','','','',''),(41,'Конвейер','C5',5,'Заполнить запчасти',0,0,'','','','','','','','','','','','','','','','',''),(42,'Паллетайзер','C5',5,'',0,0,'','','','','','','','','','','','',NULL,NULL,NULL,NULL,NULL),(43,'Конвейер','C6',5,'Заполнить запчасти',0,0,'','','','','','','','','','','','','','','','',''),(44,'Депаллетайзер','C6',5,'',0,0,'Центрирование паллет','','Укладчик листов','Центрирующая рамка','','','','','','','','',NULL,NULL,NULL,NULL,NULL),(45,'Паллетайзер','C6',5,'',0,0,'Магазин поддонов','Подъем цепи','Укладчик листов','Центрирующая рама','Сепаратор','Стакер','Блоки перед стакером','Фазосдвигатели','Зажимы на стакере','Укладчик лотков','','',NULL,NULL,NULL,NULL,'Какой-то комментарий.'),(46,'Конвейер','C7',5,'Заполнить запчасти',0,0,'','','','','','','','','','','','','','','','',''),(47,'Депаллетайзер','C7',5,'',0,0,'','','','','','','','','','','','',NULL,NULL,NULL,NULL,NULL),(48,'Паллетайзер','C7',5,'',0,0,'','','','','','','','','','','','',NULL,NULL,NULL,NULL,NULL),(49,'Конвейер','X-line B',5,'Заполнить запчасти',0,0,'','','','','','','','','','','','','','','','',''),(50,'Конвейер','X-line C',5,'Заполнить запчасти',0,0,'','','','','','','','','','','','','','','','',''),(51,'Шк. управл.','Уп. Поддонов В',5,'',0,0,' Стакер на входе','Стакер на выходе','Захват картона','','','','','','','','','',NULL,NULL,NULL,NULL,NULL),(52,'Шк. управл.','Уп. Поддонов С',5,'',0,0,'','','','','','','','','','','','',NULL,NULL,NULL,NULL,NULL),(53,'Шк. управл.','OMS1',5,'',0,0,'','','','','','','','','','','','',NULL,NULL,NULL,NULL,NULL),(54,'Конвейер','OMS1',5,'Заполнить запчасти',0,0,'','','','','','','','','','','','','','','','',''),(55,'Шк. управл.','OMS2',5,'',0,0,'','','','','','','','','','','','',NULL,NULL,NULL,NULL,NULL),(56,'Конвейер','OMS2',5,'Заполнить запчасти',0,0,'','','','','','','','','','','','','','','','',''),(57,'Шк. упр. термоус. машины','OMS3',5,'',0,0,'','','','','','','','','','','','','','','','',''),(58,'Конвейер','OMS3',5,'Заполнить запчасти',0,0,'','','','','','','','','','','','','','','','',''),(59,'Шк. управл.','Thimon',5,'',0,0,'','','','','','','','','','','','',NULL,NULL,NULL,NULL,NULL),(60,'Конвейер','Thimon',5,'Заполнить запчасти',0,0,'','','','','','','','','','','','','','','','',''),(61,'Шк. управл.','Shuttle A',5,'',0,0,'','','','','','','','','','','','',NULL,NULL,NULL,NULL,NULL),(62,'Шк. управл.','Shuttle B',5,'',0,0,'','','','','','','','','','','','',NULL,NULL,NULL,NULL,NULL),(63,'Шк. управл.','Shuttle C',5,'',0,0,'','','','','','','','','','','','',NULL,NULL,NULL,NULL,NULL),(100,'Холодное покрытие','A2',5,'Заполнить запчасти',0,0,'','','','','','','','','','','','','','','','',''),(101,'Холодное покрытие','A3',5,'Заполнить запчасти',0,0,'','','','','','','','','','','','','','','','',''),(102,'Холодное покрытие','A4',5,'Заполнить запчасти',0,0,'','','','','','','','','','','','','','','','',''),(103,'Холодное покрытие','A5',5,'Заполнить запчасти',0,0,'','','','','','','','','','','','','','','','',''),(104,'Холодное покрытие','B1',5,'Заполнить запчасти',0,0,'','','','','','','','','','','','','','','','',''),(105,'Холодное покрытие','B2',5,'Заполнить запчасти',0,0,'','','','','','','','','','','','','','','','',''),(106,'Холодное покрытие','B3',5,'Заполнить запчасти',0,0,'','','','','','','','','','','','','','','','',''),(107,'Холодное покрытие','B4.1',5,'Заполнить запчасти',0,0,'','','','','','','','','','','','','','','','','Ближний к сортировке '),(108,'Холодное покрытие','B4.2',5,'Заполнить запчасти',0,0,'','','','','','','','','','','','','','','','','Дальний от сортировки'),(110,'Термоусадочная машина','OMS3',5,'',0,0,'','','','','','','','','','','','','','','','',''),(111,'Шаттл 1','',5,'',0,0,'','','','','','','','','','','','','','','','',''),(114,'Стреповальная машина','OMS3',5,'',0,0,'','','','','','','','','','','','','','','','',''),(115,'Стреповальная машина','OMS1',5,'',0,0,'','','','','','','','','','','','','','','','',''),(116,'Стреповальная машина','Thimon',5,'',0,0,'','','','','','','','','','','','','','','','','');
/*!40000 ALTER TABLE `machines` ENABLE KEYS */;
UNLOCK TABLES;

--
-- Table structure for table `materials`
--

DROP TABLE IF EXISTS `materials`;
/*!40101 SET @saved_cs_client     = @@character_set_client */;
/*!40101 SET character_set_client = utf8 */;
CREATE TABLE `materials` (
  `id` int(6) NOT NULL AUTO_INCREMENT,
  `name` varchar(64) NOT NULL,
  `model_ref` varchar(40) DEFAULT NULL,
  `trade_mark` varchar(16) DEFAULT NULL,
  `manufacturer` varchar(32) DEFAULT NULL,
  `generic_usage` varchar(64) DEFAULT NULL,
  `function` varchar(64) NOT NULL,
  `sap` int(12) DEFAULT '0',
  `type` varchar(16) DEFAULT NULL,
  `analog` int(6) DEFAULT NULL,
  `minqty` decimal(5,2) DEFAULT '0.00',
  `at_stock` decimal(5,2) NOT NULL DEFAULT '0.00',
  `at_dept` decimal(5,2) NOT NULL DEFAULT '0.00',
  `unit` int(2) NOT NULL,
  `comment_1` varchar(64) DEFAULT NULL,
  `comment_2` text,
  PRIMARY KEY (`id`),
  UNIQUE KEY `COL 1` (`id`)
) ENGINE=InnoDB AUTO_INCREMENT=329 DEFAULT CHARSET=utf8;
/*!40101 SET character_set_client = @saved_cs_client */;

--
-- Dumping data for table `materials`
--

LOCK TABLES `materials` WRITE;
/*!40000 ALTER TABLE `materials` DISABLE KEYS */;
INSERT INTO `materials` VALUES (1,'ПАНЕЛЬ ОПЕРАТОРА TP177B ','6AV6 642-0BC01-1AХ1','','SIEMENS','','',8504878,'PLC_OP',0,1.00,0.00,0.00,0,'',''),(2,'Модуль DI 4 - ET 200S','131-4BD00-0AA0','','SIEMENS','','',0,'PLC_MOD',NULL,0.00,0.00,0.00,0,'Снят с призводства. Заменен на 131-4BD01-0AA0.',''),(3,'Модуль DI 4 - ET 200S','131-4BD01-0AA0','','SIEMENS','','',0,'PLC_MOD',NULL,0.00,0.00,0.00,0,'',''),(4,'Модуль DI 4 - ET 200S улучшенные характеристики','131-4BD01-0AB0','','SIEMENS','','',0,'PLC_MOD',NULL,0.00,0.00,0.00,0,'',''),(5,'Модуль DI 8 - ET 200S','131-4BF00-0AA0','','SIEMENS','','',0,'PLC_MOD',NULL,0.00,0.00,0.00,0,'',''),(6,'Модуль DO 4 - ET 200S','132-4BD00-0AA0','','SIEMENS','','',0,'PLC_MOD',NULL,0.00,0.00,0.00,0,'Снят с призводства. Заменен на 131-4BD01-0AA0.',''),(7,'Модуль DO 4 - ET 200S','132-4BD01-0AA0','','SIEMENS','','',0,'PLC_MOD',NULL,0.00,0.00,0.00,0,'',''),(8,'Модуль DO 8 - ET 200S','132-4BF00-0AA0','','SIEMENS','','',0,'PLC_MOD',NULL,0.00,0.00,0.00,0,'',''),(9,'Модуль AO 2 - ET 200S','135-4FB01-0AB0','','SIEMENS','','',0,'PLC_MOD',NULL,0.00,0.00,0.00,0,'',''),(10,'Модуль PM-E - ET 200S','138-4CA00-0AA0','','SIEMENS','','',0,'PLC_MOD',NULL,0.00,0.00,0.00,0,'Снят с призводства. Заменен на 138-4CA01-0AA0',''),(11,'Модуль PM-E - ET 200S','138-4CA01-0AA0','','SIEMENS','','',0,'PLC_MOD',NULL,0.00,0.00,0.00,0,'',''),(13,'Интерфейсный модуль IM 151-1 STANDARD - ET 200S','151-1AA04-0AB0','','SIEMENS','Shuttle','',0,'PLC_MOD',NULL,0.00,0.00,0.00,0,'',''),(14,'Интерфейсный модуль IM 151-1 STANDARD - ET 200S','151-1AA05-0AB0','','SIEMENS','','',0,'PLC_MOD',NULL,0.00,0.00,0.00,0,'с терминальным модулем',''),(15,'Интерфейсный модуль IM 151-1 HIGH FEATURE - ET 200S','151-1BA00-0AB0','','SIEMENS','','',0,'PLC_MOD',NULL,0.00,0.00,0.00,0,'Снят с призводства. Заменен на 151-1BA01-0AB0, 151-1BA02-0AB0',''),(16,'Интерфейсный модуль IM 153-1 - ET 200S','153-1AA03-0XB0','','SIEMENS','','',0,'PLC_MOD',NULL,0.00,0.00,0.00,0,'',''),(17,'КОНТРОЛЛЕР SIMATIC S7-200 CPU224','214-1BD23-0XB0','','SIEMENS','Холодное покрытие','',8516629,'PLC_CPU',0,0.00,0.00,0.00,0,'',''),(18,'КОНТРОЛЛЕР SIMATIC S7-200 CPU224XP','214-2BD23-0XB0','','SIEMENS','Холодное покрытие A1','',0,'PLC_CPU',NULL,0.00,0.00,0.00,0,'',''),(19,'КОНТРОЛЛЕР SIMATIC CPU 226 DC/DC/DC ','216-2AD23-0XB0','','SIEMENS','','',8510760,'PLC_CPU',0,1.00,2.00,0.00,0,'',''),(20,'Модуль DI 8/DO 8, SIMATIC S7-200, EM 223','223-1BH22-0XA0','','SIEMENS','','',0,'PLC_MOD',NULL,0.00,0.00,0.00,0,'',''),(21,'Модуль DI 16/DO 16, SIMATIC S7-200, EM 223','223-1BL22-0XA0','','SIEMENS','','',0,'PLC_MOD',NULL,0.00,0.00,0.00,0,'',''),(22,'Модуль AO 2, SIMATIC S7-200, EM 222','232-0HB22-0XA0','','SIEMENS','','',0,'PLC_MOD',NULL,0.00,0.00,0.00,0,'',''),(23,'Блок питания 24В/5А, PS 307, SIMATIC S7-300','6ES7307-1EA00-0AA0','SITOP power','SIEMENS','Конвейерные линии','Питание PLC',8503993,'Блок питания',0,1.00,0.00,0.00,0,'','Блок питания контроллера S7-300 с силовой перемычкой для подключения к центральному процессору.\r\nУстановка на профильную шину S7-300 или на стандартную профильную шину DIN 35x15 с использованием адаптера.'),(24,'Задать название','312-1AD10-0AB0','','SIEMENS','','',0,'',NULL,0.00,0.00,0.00,0,'',''),(25,'Задать название','313-0CE01-0AB0','','SIEMENS','','',0,'',NULL,0.00,0.00,0.00,0,'',''),(26,'Центральный процессор CPU 313C','313-5BE01-0AB0','','SIEMENS','OMS Shrink','',0,'PLC_CPU',NULL,0.00,0.00,0.00,0,'',''),(27,'КОНТРОЛЛЕР SIMATIC CPU 313C','313-5BF03-0AB0','','SIEMENS','','',8504551,'PLC_CPU',0,1.00,1.00,0.00,0,'',''),(28,'КОНТРОЛЛЕР SIMATIC CPU 315-2DP','315-2AG10-0AB0','','SIEMENS','','',0,'PLC_CPU',NULL,0.00,0.00,0.00,0,'',''),(29,'МОДУЛЬ DI 32 Х DC 24V ','321-1BL00-0AA0','','SIEMENS','','',7103909,'PLC_MOD',NULL,0.00,0.00,0.00,0,'',''),(30,'МОДУЛЬ DO 32 Х DC24V/0,5A','322-1BL00-0AA0','','SIEMENS','','',8510832,'PLC_MOD',NULL,0.00,0.00,0.00,0,'',''),(31,'МОДУЛЬ AO 8 Х 12BIT ','332-5HF00-0AB0','','SIEMENS','','',8504811,'PLC_MOD',NULL,0.00,0.00,0.00,0,'',''),(32,'РАЗЪЕМ ДЛЯ МОДУЛЯ','6ES7 392-1AM00-0AA0','','SIEMENS','','',8521215,'PLC_OTHER',NULL,0.00,0.00,0.00,0,'',''),(33,'TS ADAPTER II ДЛЯ SIMATIC TELESERVICE, RS232, АНАЛОГ. МОДЕМ','972-0CB35-0XA0','','SIEMENS','Депаллетайзер С6','',0,'',0,0.00,0.00,0.00,0,'',''),(34,'КОНТРОЛЛЕР SIMATIC CPU 313C-2DP','6ES7 313-6CE01-0AB0','','SIEMENS','','',0,'PLC_CPU',NULL,0.00,0.00,0.00,0,'Снят с производства. Заменен на 313-6CF03-0AB0',''),(35,'ИНВЕРТОР 0,75 KW 240V','ACS150-01E-04A7-2','','ABB','Ремонт форм','',8519149,'ИНВЕРТОР',0,0.00,1.00,0.00,0,'',''),(36,'ИНВЕРТОР 0,37 KW 240V','ATV11HU09M2E','','Schneider Electric','','',8519904,'ИНВЕРТОР',NULL,0.00,0.00,0.00,0,'',''),(37,'ИНВЕРТОР 0,37 KW 240V','ATV12H037M2','','Schneider Electric','','',8517468,'ИНВЕРТОР',NULL,0.00,0.00,0.00,0,'',''),(38,'ИНВЕРТОР 0,55 KW 240V','ATV312H055M2','Telemecanique','Schneider Electric','','',8512100,'ИНВЕРТОР',NULL,0.00,0.00,0.00,0,'',''),(39,'ИНВЕРТОР 0,75 KW 380V','ATV312H075N4','ALTIVAR','Schneider Electric','OMS (конвейер, траверса)','',8517469,'ИНВЕРТОР',NULL,0.00,0.00,0.00,0,'',''),(40,'ИНВЕРТОР 1,1KW  380V','ATV312HU11N4','','Schneider Electric','','',8505020,'ИНВЕРТОР',NULL,0.00,0.00,0.00,0,'',''),(41,'ИНВЕРТОР 1,5KW  380V','ATV312HU15N4','','Schneider Electric','','',8517472,'ИНВЕРТОР',NULL,0.00,0.00,0.00,0,'',''),(42,'ИНВЕРТОР 2,2KW  380V','ATV312HU22N4','','Schneider Electric','','',8515512,'ИНВЕРТОР',NULL,0.00,0.00,0.00,0,'8504328 2шт',''),(43,'ИНВЕРТОР 3,0 KW  380V','ATV312HU30N4','','Schneider Electric','','',8517470,'ИНВЕРТОР',NULL,0.00,0.00,0.00,0,'',''),(44,'ИНВЕРТОР 4,0 KW  380V','ATV312HU40N4 (ATV31HU40N4)','','Schneider Electric','OMS (рама), паллетайзер (захват)','',8517471,'ИНВЕРТОР',NULL,0.00,0.00,0.00,0,'',''),(45,'ИНВЕРТОР 5,5 KW  380V','ATV312HU55N4','','Schneider Electric','','',8530483,'ИНВЕРТОР',NULL,0.00,0.00,0.00,0,'',''),(46,'ИНВЕРТОР 0,37 KW 240V','SKA1200037','COMMANDER SK','Control Techniques','','',8504292,'ИНВЕРТОР',NULL,0.00,0.00,0.00,0,'',''),(47,'ИНВЕРТОР 0,75 KW 240V','SKA1200075','COMMANDER SK','Control Techniques','','',8504296,'ИНВЕРТОР',NULL,0.00,0.00,0.00,0,'',''),(48,'ИНВЕРТОР 1,5 KW 380V','SKB3400150','COMMANDER SK','Control Techniques','','',8504332,'ИНВЕРТОР',NULL,0.00,0.00,0.00,0,'',''),(49,'ИНВЕРТОР 2,2KW 240V','SKCD200220','COMMANDER SK','Control Techniques','','',7151038,'ИНВЕРТОР',NULL,0.00,0.00,0.00,0,'8505030 2 шт.',''),(50,'ИНВЕРТОР 0,37 KW 380V','C020501','','KEB','Намотка/размотка пленки.','',7113313,'ИНВЕРТОР',NULL,0.00,0.00,0.00,0,'',''),(51,'ИНВЕРТОР 1,5 KW 380V','','','KEB','Надувание мешка, отсос воздуха.','',0,'ИНВЕРТОР',NULL,0.00,0.00,0.00,0,'',''),(52,'ИНВЕРТОР 2,2KW 380V','','','KEB','Подъем/опускание паллета.','',7113315,'ИНВЕРТОР',NULL,0.00,0.00,0.00,0,'',''),(53,'ИНВЕРТОР 4,0 KW 380V','','','KEB','Нагнетатель первичного воздуха','',0,'ИНВЕРТОР',NULL,0.00,0.00,0.00,0,'',''),(54,'ИНВЕРТОР 7,5 KW 380V','C021255','','KEB','Подъем/опускание рамы.','',7113314,'ИНВЕРТОР',NULL,0.00,0.00,0.00,0,'',''),(55,'ИНВЕРТОР 0,75 KW 380V','FR-S 540 SR (FR-D740-022-EC)','','MITSUBISHI','Конвейер паллет 1, 2.','',7101029,'ИНВЕРТОР',NULL,0.00,0.00,0.00,0,'8504317 2шт. 8504320 10 шт.','(8504294)'),(56,'ИНВЕРТОР 0,75 KW 380V','FR-E540-0,75K-EC (FR-E740-026-EC)','','MITSUBISHI','Переворот лотков','',7101024,'ИНВЕРТОР',NULL,0.00,0.00,0.00,0,'',''),(57,'ИНВЕРТОР 1,5 KW 380V','FR-S 540 SR (FR-D740-036-EC)','','MITSUBISHI','Стол, входной конвейер паллетайзера, конвейер под Ц.Р.','',7101030,'ИНВЕРТОР',NULL,0.00,0.00,0.00,0,'8504316 1шт.',''),(58,'ИНВЕРТОР 1,5 KW 380V','FR-E540-1,5K-EC (FR-E740-040-EC)','','MITSUBISHI','Подъем Ц.Р и укладчик листов, перенос листов(лотков)','',7101025,'ИНВЕРТОР',NULL,0.00,0.00,0.00,0,'','(8504298)'),(59,'ИНВЕРТОР 2,2KW 380V','FR-E540-2,2K-EC (FR-E740-060-EC)','','MITSUBISHI','','',7101026,'ИНВЕРТОР',NULL,0.00,0.00,0.00,0,'',''),(60,'ИНВЕРТОР 3,7KW 380V','FR-S 540 (FR-D740-080-EC)','','MITSUBISHI','Конвейер стакера','',8512086,'ИНВЕРТОР',NULL,0.00,0.00,0.00,0,'',''),(61,'ИНВЕРТОР 3,7KW 380V','FR-E 540-3,7K-EC (FR-E740-095-EC)','','MITSUBISHI','Стакер','',7101027,'ИНВЕРТОР',NULL,0.00,0.00,0.00,0,'',''),(62,'ИНВЕРТОР 5,5KW 380V','FR-E 540-5,5K-EC (FR-E740-120-EC)','','MITSUBISHI','Подъем захвата А1, С7.','',7101028,'ИНВЕРТОР',NULL,0.00,0.00,0.00,0,'8504321 6 шт.',''),(63,'ИНВЕРТОР 0,75 KW 380V','VZA40P7BAA-V1000','','OMRON','Strap (поворотный стол)','',0,'ИНВЕРТОР',NULL,0.00,0.00,0.00,0,'',''),(64,'ИНВЕРТОР 4,0 KW 380V','VZA44P0BAA-V1000','','OMRON','Srtap (рама)','',0,'ИНВЕРТОР',NULL,0.00,0.00,0.00,0,'',''),(65,'ИНВЕРТОР 1,5 KW 380V','MDS 5008/L  316476','','Posidrive','Холодное покрытие','',8504323,'ИНВЕРТОР',NULL,0.00,0.00,0.00,0,'',''),(66,'ИНВЕРТОР 0,37 KW 240V','6SE6 420-2AB13-7AA1','MICROMASTER','SIEMENS ','','',8512092,'ИНВЕРТОР',NULL,0.00,0.00,0.00,0,'',''),(67,'ИНВЕРТОР 0,55 KW 240V','6SE6 420-2AB15-5AA1','MICROMASTER','SIEMENS ','','',8512091,'ИНВЕРТОР',NULL,0.00,0.00,0.00,0,'',''),(68,'ИНВЕРТОР 0,75 KW 240V','6SE6 420-2AB17-5AA1','MICROMASTER','SIEMENS ','','',8512090,'ИНВЕРТОР',NULL,0.00,0.00,0.00,0,'',''),(69,'ИНВЕРТОР 1,10 KW 240V','6SE6 420-2AB21-1BA1','MICROMASTER','SIEMENS ','','',0,'ИНВЕРТОР',NULL,0.00,0.00,0.00,0,'',''),(70,'ИНВЕРТОР 1,50 KW 380V','6SE6 420-2UD21-5AA1','MICROMASTER','SIEMENS ','Двиг. ОМ2 конвейеров В линий','',8527093,'ИНВЕРТОР',NULL,0.00,0.00,0.00,0,'',''),(71,'ИНВЕРТОР 1,50 KW 240V','6SE6 420-2AB21-5BA1','MICROMASTER','SIEMENS ','','',0,'ИНВЕРТОР',NULL,0.00,0.00,0.00,0,'',''),(72,'ИНВЕРТОР 0,4 KW 240V','VFNC1','','TOSHIBA','Sleeve машина','',0,'ИНВЕРТОР',NULL,0.00,0.00,0.00,0,'',''),(73,'ПНЕВМОРАСПРЕДЕЛИТЕЛЬ','MN1H-5/2-D-1-C (159688)','4','FESTO','','',7101909,'EV',NULL,0.00,0.00,0.00,0,'',''),(74,'ПНЕВМОРАСПРЕДЕЛИТЕЛЬ','MN1H-5/3B-D-2-C (159697)','','FESTO','','',7101816,'EV',NULL,0.00,0.00,0.00,0,'',''),(75,'ПНЕВМОРАСПРЕДЕЛИТЕЛЬ','MN2H-5/2-D-01-FR (161069)','1','FESTO','','',7101911,'EV',NULL,0.00,0.00,0.00,0,'',''),(76,'ПНЕВМОРАСПРЕДЕЛИТЕЛЬ','VSVA-B-M52-MH-A1-1C1 (546702)','2','FESTO','','',7101273,'EV',NULL,0.00,0.00,0.00,0,'',''),(77,'ПНЕВМОРАСПРЕДЕЛИТЕЛЬ','JMN2H-5/2-D-01 (161071)','5','FESTO','','',7101766,'EV',NULL,0.00,0.00,0.00,0,'',''),(78,'ПНЕВМОРАСПРЕДЕЛИТЕЛЬ','VSVA-B-B52-H-A1-1C1 (546696)','5','FESTO','','',7109504,'EV',NULL,0.00,0.00,0.00,0,'',''),(79,'ПНЕВМОРАСПРЕДЕЛИТЕЛЬ','JMN1H-5/2-D-1-C (159690)','2','FESTO','','',7101907,'EV',NULL,0.00,0.00,0.00,0,'',''),(80,'ПНЕВМОРАСПРЕДЕЛИТЕЛЬ','VSVA-B-B52-H-A1-1R5L (534557)','','FESTO','Стакер паллетайзера С1, С5','',7115007,'EV',0,0.00,10.00,0.00,0,'',''),(81,'ПНЕВМОРАСПРЕДЕЛИТЕЛЬ','VSVA-B-B52-ZH-A1-1R5L (534547)','','FESTO','Стакер паллетайзера С1, С6','',7134119,'EV',NULL,0.00,0.00,0.00,0,'',''),(82,'ПНЕВМОРАСПРЕДЕЛИТЕЛЬ','VSVA-B-M52-MZH-A1-1R5L (534546)','','FESTO','Стакер паллетайзера С1, С7','',7134120,'EV',NULL,0.00,0.00,0.00,0,'',''),(83,'ПНЕВМОРАСПРЕДЕЛИТЕЛЬ','MN2H-2X3G-01 (187970)','','FESTO','','',7101768,'EV',0,0.00,2.00,0.00,0,'',''),(84,'ПНЕВМОРАСПРЕДЕЛИТЕЛЬ','CPE14-M1BH-5L-1/8 (196941)','','FESTO','Раскрытие пальцев Thimon','',8521143,'EV',NULL,0.00,0.00,0.00,0,'',''),(85,'ПНЕВМОРАСПРЕДЕЛИТЕЛЬ','MFH 3-1/8','1','FESTO','Srtap (защитные крюки, рама)','',7101915,'EV',NULL,0.00,0.00,0.00,0,'',''),(86,'ПНЕВМОРАСПРЕДЕЛИТЕЛЬ','MFH 3-1/4','','FESTO','','',7101914,'EV',0,0.00,8.00,0.00,0,'',''),(87,'КОНЦЕВАЯ ПЛИТА 1-11-25D - ТРУБКА Ø10','2 HDM 0227301200','','METAL WORK','','',7103917,'EV',NULL,0.00,0.00,0.00,0,'',''),(88,'ГЛУХАЯ КОНЦЕВАЯ ПЛИТА','5 HDM 0227301500','','METAL WORK','','',7103918,'EV',NULL,0.00,0.00,0.00,0,'',''),(89,'1','6 HDM 0227301301','','METAL WORK','','',7103919,'EV',NULL,0.00,0.00,0.00,0,'',''),(90,'ПРОМЕЖУТОЧНАЯ ПЛИТА ПИТАНИЯ ГЛУХАЯ','7 HDM 0227301302','','METAL WORK','','',7103920,'EV',NULL,0.00,0.00,0.00,0,'',''),(91,'ПРОМЕЖУТОЧНАЯ ПЛИТА ВЫХЛОПА','20 HDM 0227301303','','METAL WORK','','',7103916,'EV',NULL,0.00,0.00,0.00,0,'',''),(92,'ПНЕВМОКЛАПАН','I6 HDM 7072030530','','METAL WORK','','',7103914,'EV',NULL,0.00,0.00,0.00,0,'',''),(93,'ПНЕВМОКЛАПАН','I8 HDM 7073030530','','METAL WORK','','',7103915,'EV',NULL,0.00,0.00,0.00,0,'',''),(94,'ПНЕВМОКЛАПАН','K6 HDM 7072030110','','METAL WORK','','',7103921,'EV',NULL,0.00,0.00,0.00,0,'',''),(95,'ПНЕВМОКЛАПАН','O6 HDM 7072030210','','METAL WORK','','',7103926,'EV',NULL,0.00,0.00,0.00,0,'',''),(96,'ПНЕВМОКЛАПАН','V6 HDM 7072030130','','METAL WORK','','',7103927,'EV',NULL,0.00,0.00,0.00,0,'',''),(97,'ПНЕВМОКЛАПАН','W6 HDM 7072030630','','METAL WORK','','',7103928,'EV',NULL,0.00,0.00,0.00,0,'',''),(98,'КЛАПАН ЦЕНТРАЛЬНЫЙ','С6530289 IM00','ONE','METAL WORK pneumatic','Термоусадочная машина OMS','',8510810,'EV',0,1.00,1.00,0.00,0,'','Код сборки 543511881300'),(99,'ПНЕВМОКЛАПАН','NSV H5 SES OO 7070030132','V8','METAL WORK','OMS 1','',8527240,'EV',NULL,0.00,0.00,0.00,0,'',''),(100,'ПНЕВМОКЛАПАН','NSV G8 SES NO 7069030632','W6','METAL WORK','OMS 2','',8527241,'EV',NULL,0.00,0.00,0.00,0,'',''),(101,'ПНЕВМОКЛАПАН','NSV H8 SES NO 7070030632','W8','METAL WORK','OMS 3','',8527242,'EV',NULL,0.00,0.00,0.00,0,'',''),(102,'ПНЕВМОКЛАПАН','NSV G5 SEB OO 7069030112','K6','METAL WORK','OMS 4','',7103922,'EV',NULL,0.00,0.00,0.00,0,'',''),(103,'ПНЕВМОКЛАПАН','NSV G5 SES OO 7069030132','V6','METAL WORK','OMS 5','',7103923,'EV',NULL,0.00,0.00,0.00,0,'',''),(104,'ПНЕВМОКЛАПАН','NSV G6 SES CC 7069030212','O6','METAL WORK','OMS 6','',7103924,'EV',NULL,0.00,0.00,0.00,0,'',''),(105,'ПНЕВМОКЛАПАН','NSV H8 SES NC 7070030532','I8','METAL WORK','OMS 7','',7103925,'EV',NULL,0.00,0.00,0.00,0,'',''),(106,'КОНЦЕВАЯ ПЛИТА 1','3 227300201','','METAL WORK','OMS 8','',7103911,'EV',NULL,0.00,0.00,0.00,0,'',''),(107,'ПРОМЕЖУТОЧНАЯ ПЛИТА ПИТАНИЯ','6 227300301','','METAL WORK','OMS 9','',7103912,'EV',NULL,0.00,0.00,0.00,0,'',''),(108,'ПРОМЕЖУТОЧНАЯ ПЛИТА ПИТАНИЯ ГЛУХАЯ','7 227300302','','METAL WORK','OMS 10','',7103913,'EV',NULL,0.00,0.00,0.00,0,'',''),(109,'ПНЕВМОРАСПРЕДЕЛИТЕЛЬ','SХE 0573-A60-00К','','NORGREEN','','',7101789,'EV',0,0.00,1.00,0.00,0,'',''),(110,'ПНЕВМОРАСПРЕДЕЛИТЕЛЬ','SXE 9573-A71-00','','NORGREEN','','',7103902,'EV',0,0.00,2.00,0.00,0,'',''),(111,'ПНЕВМОРАСПРЕДЕЛИТЕЛЬ','SXE 9873-A60-00','','NORGREEN','','',7103903,'EV',NULL,0.00,0.00,0.00,0,'',''),(112,'ЭЛЕКТРОМАГНИТНЫЙ КЛАПАН','ART. 070511','','VUOTOTECNICA','','',8512427,'EV',NULL,0.00,0.00,0.00,0,'',''),(113,'ФОТОЭЛЕКТРИЧЕСКИЙ ДАТЧИК','WE250-P440 (6026261)','','SICK','','',8505545,'PHOTOCELL',NULL,0.00,0.00,0.00,0,'',''),(114,'ФОТОЭЛЕКТРИЧЕСКИЙ ДАТЧИК','WL11G-2B2531','','SICK','Паллетайзер','',8511248,'PHOTOCELL',NULL,0.00,0.00,0.00,0,'8505554','ФОТОДАТЧИК WL260-F270 6020976'),(115,'ФОТОЭЛЕКТРИЧЕСКИЙ ДАТЧИК','WL12G-3O2431 (1041457), ...S47 (1044114)','','SICK','Паллетайзер, ','',8510892,'PHOTOCELL',NULL,0.00,0.00,0.00,0,'8524884',''),(116,'ФОТОЭЛЕКТРИЧЕСКИЙ ДАТЧИК','WL18-3P430 (1025911)','','SICK','','',8504198,'PHOTOCELL',128,0.00,0.00,0.00,0,'',''),(117,'ФОТОЭЛЕКТРИЧЕСКИЙ ДАТЧИК','WL34-V230','','SICK','','',8512058,'PHOTOCELL',NULL,0.00,0.00,0.00,0,'',''),(118,'ФОТОЭЛЕКТРИЧЕСКИЙ ДАТЧИК','WL250-P430 (6010610)','','SICK','','',0,'PHOTOCELL',NULL,0.00,0.00,0.00,0,'',''),(119,'ФОТОЭЛЕКТРИЧЕСКИЙ ДАТЧИК','WL250-2P2431 (6044699)','','SICK','','',8522176,'PHOTOCELL',NULL,0.00,0.00,0.00,0,'',''),(120,'ФОТОЭЛЕКТРИЧЕСКИЙ ДАТЧИК','WL260-F470 (6020977)','','SICK','','',8505548,'PHOTOCELL',NULL,0.00,0.00,0.00,0,'1',''),(121,'ФОТОЭЛЕКТРИЧЕСКИЙ ДАТЧИК WTR2-P551S08','WTR2-P551S08','','SICK','','',8510894,'PHOTOCELL',0,3.00,6.00,0.00,0,'',''),(122,'ФОТОЭЛЕКТРИЧЕСКИЙ ДАТЧИК','WT18-3P430','','SICK','','',8513080,'PHOTOCELL',NULL,0.00,0.00,0.00,0,'',''),(123,'ФОТОЭЛЕКТРИЧЕСКИЙ ДАТЧИК WT250-P470','6012649','','SICK','','',8505559,'PHOTOCELL',0,3.00,5.00,0.00,0,'',''),(124,'ФОТОЭЛЕКТРИЧЕСКИЙ ДАТЧИК','WS/WE 250-P440 (6026268)','','SICK','','',8505557,'PHOTOCELL',NULL,0.00,0.00,0.00,0,'',''),(125,'Датчик фотоэлектрический WLL170-2P330','6029513','','SICK','Стакер линии С5','',8524884,'PHOTOCELL',0,2.00,4.00,0.00,0,'Оптоволоконный',''),(126,'ОПТОВОЛОКНО','LL3-TB01 5308050','','SICK','Стакер линии С6','',8526287,'FIBER_OPTIC',NULL,0.00,0.00,0.00,0,'',''),(127,'ЛИНЗА ДЛЯ ОПТОВОЛОКНА','LL3-TA01 5308128','','SICK','Стакер линии С7','',8526286,'LENS',NULL,0.00,0.00,0.00,0,'',''),(128,'ФОТОЭЛЕКТРИЧЕСКИЙ ДАТЧИК','V2R-1200CDP','Серия V2','OPTEX FA','','',8526973,'PHOTOCELL',119,3.00,0.00,0.00,0,'',''),(129,'ФОТОЭЛЕКТРИЧЕСКИЙ ДАТЧИК','V2T-7000CDP','','OPTEX','','',8526974,'PHOTOCELL',NULL,0.00,0.00,0.00,0,'',''),(130,'ФОТОЭЛЕКТРИЧЕСКИЙ ДАТЧИК','BGS-2V100CP','','OPTEX','','',8526975,'PHOTOCELL',NULL,0.00,0.00,0.00,0,'',''),(131,'ФОТОЭЛЕКТРИЧЕСКИЙ ДАТЧИК','FS-V21RP SO(2438)','','KEYENCE','','',8521193,'SONAR',NULL,0.00,0.00,0.00,0,'',''),(132,'УЛЬТРАЗВУКОВОЙ ДАТЧИК SONAR-BERO','3RG6014-3AD00-PF','','PEPPERL+FUCHS','Шаттл, OMS','',8522755,'SONAR',NULL,0.00,0.00,0.00,0,'',''),(133,'ЭЛ. ДАТЧИК ДАВЛЕНИЯ','33-D 1XP','','NORGREN','','',8510898,'PRESS_SENSOR',0,0.00,2.00,0.00,0,'МУЛЬТИБЛОК ГАЗОВЫЙ DUNGS MB-ZRD 412 B01 S52',''),(134,'СВЕЧА ПОДЖИГА OMS','J0017844','','OMS','','',7104988,'SPARK_PLUG',NULL,0.00,0.00,0.00,0,'',''),(135,'ДАТЧИК ИОНИЗАЦИИ OMS','','','OMS','','',7104981,'ION_SENSOR',0,0.00,0.00,0.00,0,'',''),(136,'СВЕЧА ПОДЖИГА THIMON','C014871','','THIMON','','',7100804,'SPARK_PLUG',NULL,0.00,0.00,0.00,0,'',''),(137,'ДАТЧИК ИОНИЗАЦИИ THIMON','C014872','','THIMON','','',7100999,'ION_SENSOR',0,4.00,6.00,0.00,0,'',''),(138,'РЕЛЕ ЭЛЕКТРОМАГНИТНОЕ','RXM 4AB2BD 24VDC','','TELEMECANIQUE','','',8513374,'RELAY',NULL,0.00,0.00,0.00,0,'8510835',''),(139,'РЕЛЕ ЭЛЕКТРОМАГНИТНОЕ','RXM 4AB2P7 230VDC','','TELEMECANIQUE','','',8513375,'RELAY',NULL,0.00,0.00,0.00,0,'',''),(140,'РЕЛЕ ЭЛЕКТРОМАГНИТНОЕ','RSB 2A080BD 24VDC','','TELEMECANIQUE','','',8513376,'RELAY',0,0.00,10.00,0.00,0,'',''),(141,'РЕЛЕ ЭЛЕКТРОМАГНИТНОЕ','G2RV-1-S-21VDC','','OMRON','Холодное покрытие','',8510873,'RELAY',NULL,0.00,0.00,0.00,0,'',''),(142,'РЕЛЕ ЭЛЕКТРОМАГНИТНОЕ','G2R-1-S(S)','','OMRON','Паллетайзер','',8505221,'RELAY',NULL,0.00,0.00,0.00,0,'',''),(143,'РЕЛЕ ЭЛЕКТРОМАГНИТНОЕ','REL-MR- 24DC/21AU','','PHOENIX CONTACT','Конвейерные линии','',8513377,'RELAY',NULL,0.00,0.00,0.00,0,'',''),(144,'РЕЛЕ ЭЛЕКТРОМАГНИТНОЕ','PCN-124D3MHZ-001','','TYCO ELECTRONICS','PLC холодного покрытия','',8511802,'RELAY',NULL,0.00,0.00,0.00,0,'',''),(145,'РЕЛЕ ЭЛЕКТРОМАГНИТНОЕ','40.31.8.230.0330','','FINDER','OMS','',0,'RELAY',NULL,0.00,0.00,0.00,0,'',''),(146,'РЕЛЕ ДАВЛЕНИЯ','','','DANFOSS','','',0,'PRESS_SWITCH',NULL,0.00,0.00,0.00,0,'',''),(147,'Реле давления','RT116 017-520366','','DANFOSS','Паллетайзер','',8504158,'PRESS_SWITCH',0,2.00,1.00,0.00,0,'',''),(148,'Реле давления электронное','DS-E1P10F4B2PR00','','Norgren','Стакер С5','',8524883,'PRESS_SWITCH',0,2.00,5.00,0.00,0,'',''),(149,'РЕЛЕ ДАВЛЕНИЯ','DUNGS','DUNGS','DUNGS','Thimon','',8510795,'PRESS_SWITCH',NULL,0.00,0.00,0.00,0,'',''),(150,'РЕЛЕ ДАВЛЕНИЯ','LGW 50 A4','','DUNGS','','',8510796,'PRESS_SWITCH',NULL,0.00,0.00,0.00,0,'',''),(151,'РЕЛЕ ДАВЛЕНИЯ','GW 150 A5','','DUNGS','','',8510793,'PRESS_SWITCH',NULL,0.00,0.00,0.00,0,'',''),(152,'РЕЛЕ ДАВЛЕНИЯ','GW 50 A6','','DUNGS','','',7097708,'PRESS_SWITCH',NULL,0.00,0.00,0.00,0,'8504140','ДАТЧИК OMRON P/N=E2AM12 KS04 M1B1 PNP NO M12 M 12'),(153,'РЕЛЕ ДАВЛЕНИЯ','GW 150 A6','','DUNGS','','',8510794,'PRESS_SWITCH',NULL,0.00,0.00,0.00,0,'',''),(154,'РЕЛЕ ДАВЛЕНИЯ','GW 500 A6','','DUNGS','','',8504215,'PRESS_SWITCH',NULL,0.00,0.00,0.00,0,'',''),(155,'РЕЛЕ ДАВЛЕНИЯ','GW 10 A6','','DUNGS','Горелки OMS','',8504213,'PRESS_SWITCH',NULL,0.00,0.00,0.00,0,'',''),(156,'ДАТЧИК ИНДУКТИВНЫЙ','ХS530B1PAM12','','TELEMECANIQUE','Конвейер, паллетайзер','',8504171,'PROX_SWITCH',NULL,0.00,0.00,0.00,0,'',''),(157,'ДАТЧИК ИНДУКТИВНЫЙ','ХS630B1PAM12','','','Конвейер, паллетайзер','',8504173,'PROX_SWITCH',NULL,0.00,0.00,0.00,0,'0',''),(158,'ДАТЧИК ИНДУКТИВНЫЙ','E2A-M12LS04-M1-B1','','OMRON','Паллетайзер (укл. листов), OMS','',0,'PROX_SWITCH',NULL,0.00,0.00,0.00,0,'',''),(159,'ДАТЧИК ИНДУКТИВНЫЙ','TL-W3MB1','','OMRON','Srtap (обвязочная головка)','',0,'PROX_SWITCH',NULL,0.00,0.00,0.00,0,'',''),(160,'ДАТЧИК ИНДУКТИВНЫЙ','E2A-M30LS15-M1-B1','','OMRON','','',8510790,'PROX_SWITCH',NULL,0.00,0.00,0.00,0,'',''),(161,'ДАТЧИК ИНДУКТИВНЫЙ','ISB AC4S-31P-8-LZS4','','ТЕКО','М18х1х62 М12','',8525769,'PROX_SWITCH',NULL,0.00,0.00,0.00,0,'',''),(162,'ДАТЧИК ИНДУКТИВНЫЙ','ISB WC41S8-31P-4-ZS4-1','','ТЕКО','М18x1x72 М12 цельнорезьбовой','',8525770,'PROX_SWITCH',NULL,0.00,0.00,0.00,0,'',''),(163,'ДАТЧИК ИНДУКТИВНЫЙ','ISB AC8A-31Р-15-LZS4','','ТЕКО','','',8525430,'PROX_SWITCH',NULL,0.00,0.00,0.00,0,'',''),(164,'ДАТЧИК ИНДУКТИВНЫЙ','ISB BS7A-31P-10-L','','ТЕКО','М30х1,5х26 Кабель 3х0,34 цельнорезьбовой','',8511800,'PROX_SWITCH',NULL,0.00,0.00,0.00,0,'',''),(165,'ДАТЧИК ИНДУКТИВНЫЙ','ISB B7A-31P-10-L','','ТЕКО','М30х1,5х38 Кабель 3х0,34 цельнорезьбовой','',8526290,'PROX_SWITCH',NULL,0.00,0.00,0.00,0,'',''),(166,'ДАТЧИК ИНДУКТИВНЫЙ','ISB BC7A-31P-10-LS4','','ТЕКО','М30х1,5х44 М12 цельнорезьбовой','',8526289,'PROX_SWITCH',NULL,0.00,0.00,0.00,0,'',''),(167,'ДАТЧИК ИНДУКТИВНЫЙ','ISB AC8A-31P-10E-LZS4','','ТЕКО','М30х1,5х62 М12','',8526291,'PROX_SWITCH',NULL,0.00,0.00,0.00,0,'',''),(168,'ДАТЧИК ПОЛОЖЕНИЯ','SMT-8F-PS-24V-K2,5-OE (525 898)','','FESTO','','',0,'POS_SENSOR',NULL,0.00,0.00,0.00,0,'',''),(169,'ДАТЧИК ПОЛОЖЕНИЯ','SMT-8-PS-K-LED-24-B (175 436)','','FESTO','Круглые цилиндры','',0,'POS_SENSOR',NULL,0.00,0.00,0.00,0,'',''),(170,'ДВИГАТЕЛЬ','1LA7080-2AА11 0.75KW','','SIEMENS','','',0,'MOTOR',NULL,0.00,0.00,0.00,0,'',''),(171,'РАЗЪЕМ ШТЕКЕРНЫЙ ПРЯМОЙ','XZCC12FDP40B','','TELEMECANIQUE','','',8510868,'CONNECTOR',NULL,0.00,0.00,0.00,0,'',''),(172,'РАЗЪЕМ ШТЕКЕРНЫЙ УГЛОВОЙ','XZCC12FCP40B','','TELEMECANIQUE','','',8510869,'CONNECTOR',NULL,0.00,0.00,0.00,0,'',''),(173,'ШТЕКЕР 2PIN БЛОЧНЫЙ','','','','','',8528694,'CONNECTOR',NULL,0.00,0.00,0.00,0,'',''),(174,'ГНЕЗДО 2PIN КАБЕЛЬНОЕ','','','','','',8528695,'CONNECTOR',NULL,0.00,0.00,0.00,0,'',''),(175,'ШТЕКЕР 4PIN БЛОЧНЫЙ','','','','','',8528696,'CONNECTOR',NULL,0.00,0.00,0.00,0,'',''),(176,'ГНЕЗДО 4PIN КАБЕЛЬНОЕ','','','','','',8528697,'CONNECTOR',NULL,0.00,0.00,0.00,0,'',''),(177,'ВЕНТИЛЯТОР DC 50Х50Х10ММ, 12В','KF0510B1H','','JAMICON','','',7103983,'FAN',NULL,0.00,0.00,0.00,0,'',''),(178,'ВЕНТИЛЯТОР DC 50Х50Х10ММ, 24В','KDE2405PFB1-8','','SUNON','','',8510774,'FAN',NULL,0.00,0.00,0.00,0,'',''),(179,'ВЕНТИЛЯТОР ПРОМЫШЛЕННЫЙ','52BTXL','','AIRFLOW','Паровой туннель','',7148407,'FAN',NULL,0.00,0.00,0.00,0,'',''),(180,'ВЕНТИЛЯТОР DC 24В','MMF-06D24ES /BKO-CA1027H09','','MELCO TECHNOREX','','',7114882,'FAN',NULL,0.00,0.00,0.00,0,'',''),(181,'ВЫКЛЮЧАТЕЛЬ 3Ф+1НО','T0-2-15679/I1/SVB-SW (207150)','','MOELLER','электродвигатели конвейеров','',7101034,'BREAKER',NULL,0.00,0.00,0.00,0,'',''),(182,'РУЧКА Т-ОБРАЗНАЯ, ЧЕРНАЯ','KNB-T0 038909','','EATON','Выключатели Moeller','',8529124,'HANDLE',NULL,0.00,0.00,0.00,0,'',''),(183,'РУЧКА Т-ОБРАЗНАЯ, ЧЕРНАЯ','SVB-SW-T0 060265','','EATON','Выключатели Moeller','',8529125,'HANDLE',NULL,0.00,0.00,0.00,0,'',''),(184,'ВЫКЛЮЧАТЕЛЬ КОНЦЕВОЙ ','ХCK D2145P16 (019743)','','TELEMECANIQUE','','',8504092,'LIMIT_SWITCH',0,2.00,0.00,3.00,0,'',''),(185,'ЭНКОДЕР ','CEV65M-01460','','TR-ELECTRONIC','Паллетайзеры','',7101268,'ENCODER',0,2.00,0.00,5.00,0,'',''),(186,'ПОТЕНЦИОМЕТР 23 MM 1W ','TW 1103KA','','RS','Thimon раскрытие балансиров.','',8502440,'POTENTIOMETER',NULL,0.00,0.00,0.00,0,'',''),(187,'Потенциометр 25K 2W','RV4NAYSJ253A','','PEC','OMS Strap','',8529524,'POTENTIOMETER',NULL,0.00,0.00,0.00,0,'',''),(188,'ПРЕДОХРАНИТЕЛЬ','5*20 0.5A','','','','',8504993,'FUSE',NULL,0.00,0.00,0.00,0,'',''),(189,'ПРЕДОХРАНИТЕЛЬ','5*20 1A','','','','',8504994,'FUSE',NULL,0.00,0.00,0.00,0,'',''),(190,'КНОПКА 8,5*8,5*10 ММ, БЕЗ ФИКСАЦИИ','','','','Системный блок','',8529123,'BUTTON',NULL,0.00,0.00,0.00,0,'',''),(191,'ТОКОСЪЕМНИК','KXA-05CB32','','TELEMECANIQUE','','',0,'CURTAIN',NULL,0.00,0.00,0.00,0,'',''),(192,'ОТРАЖАТЕЛЬ','Р250  Part No.5304812','','SICK','','',0,'REFLECTOR',NULL,0.00,0.00,0.00,0,'',''),(193,'Блок питания 300W SFX (24+4пин)','IP-S300BN1-0','POWER MAN','INWIN ','компьютеры конвейерных линий ','',8527239,'Блок питания',0,1.00,0.00,0.00,0,'',''),(194,'Блок питания','PSP-600-27','PSP','MEAN WELL','Лазерный маркиратор VideoJet','',8528699,'Блок питания',0,1.00,0.00,0.00,0,'','http://www.mean-well.ru/store/PSP-600-27/'),(195,'КОЖУХ ДЛЯ ФОТОЯЧЕЙКИ ACS-UFA-FIR1-355','','','','','',7100836,'HOUSING',NULL,0.00,0.00,0.00,0,'',''),(196,'КОНТАКТОР','3RT1015-1BB41','','Siemens','','',8525376,'CONTACTOR',NULL,0.00,0.00,0.00,0,'',''),(197,'ПУСКАТЕЛЬ КОМБИНИРОВАННЫЙ','GV2DM106BD','','SCHNEIDER ELECTRIC','','',8528698,'CONTACTOR',NULL,0.00,0.00,0.00,0,'',''),(198,'ПЕРЕХОДНИК 90 ГРАДУСОВ ТРУБА-КОРОБКА','PAN12M16N','','ДКС','','',8529122,'ADAPTER',NULL,0.00,0.00,0.00,0,'',''),(199,'Крышка снегозащитная','КСЗ-100 S1.5 L2000 161901-2','','EKA','','',8529513,'COVER',NULL,0.00,0.00,0.00,0,'',''),(200,'Крышка снегозащитная','КСЗ-200 S1.5 L2000 161903-2','','EKA','','',8529514,'COVER',NULL,0.00,0.00,0.00,0,'',''),(201,'Лоток перфорированный','ЛПМ100 х 60 S1.5 L3000 165104','','EKA','','',8529515,'CABLE_DUCT',NULL,0.00,0.00,0.00,0,'',''),(202,'Лоток перфорированный','ЛПМ200 х 60 S1.5 L3000 165115','','EKA','','',8529516,'CABLE_DUCT',NULL,0.00,0.00,0.00,0,'',''),(203,'Крышка лотка','КЛ100 S1.5 L3000 165803','','EKA','','',8529517,'CABLE_DUCT',NULL,0.00,0.00,0.00,0,'',''),(204,'Крышка лотка','КЛ200 S1.5 L3000 165805','','EKA','','',8529518,'CABLE_DUCT',NULL,0.00,0.00,0.00,0,'',''),(205,'Т-секция с крышкой','200 х 60, S1,5 175715','','EKA','','',8529519,'CABLE_DUCT',NULL,0.00,0.00,0.00,0,'',''),(206,'Секция угловая 90° с крышкой','ЛМУК90 200 х 60, S1.5 175115','','EKA','','',8529520,'CABLE_DUCT',NULL,0.00,0.00,0.00,0,'',''),(207,'Соединитель лотков силовой','СЛС 60-1,5 900013','','EKA','','',8529521,'CABLE_DUCT',NULL,0.00,0.00,0.00,0,'',''),(208,'Соединитель шарнирный','НЛСШ 900006','','EKA','','',8529522,'CABLE_DUCT',NULL,0.00,0.00,0.00,0,'',''),(209,'Соединитель лотков универсальный','НЛСУ 1,2 900002','','EKA','','',8529523,'CABLE_DUCT',NULL,0.00,0.00,0.00,0,'',''),(210,'КРЫЛЬЧАТКА','№01858033','','SEW-Eurodrive','DR63../BR','',7137157,'MOTOR_PART',NULL,0.00,0.00,0.00,0,'',''),(211,'КРЫЛЬЧАТКА','№01355996','','SEW-Eurodrive','DT71../BMG, DT80../BMG','',7137158,'MOTOR_PART',NULL,0.00,0.00,0.00,0,'',''),(212,'КРЫЛЬЧАТКА','№01354825','','SEW-Eurodrive','DT90../BMG','Запчасть',7118360,'MOTOR_PART',0,1.00,3.00,1.00,0,'',''),(213,'КРЫЛЬЧАТКА','№01823248','','SEW-Eurodrive','DV112../BMG (SDV132../BMG)','',7107569,'MOTOR_PART',NULL,0.00,0.00,0.00,0,'',''),(214,'КОЖУХ КРЫЛЬЧАТКИ ЗАЩИТНЫЙ','№01350595','','SEW-Eurodrive','DT80..','',7149971,'MOTOR_PART',NULL,0.00,0.00,0.00,0,'',''),(215,'КОЖУХ КРЫЛЬЧАТКИ ЗАЩИТНЫЙ','№01351990','','SEW-Eurodrive','DT90..','',7149972,'MOTOR_PART',NULL,0.00,0.00,0.00,0,'',''),(216,'КОЖУХ КРЫЛЬЧАТКИ ЗАЩИТНЫЙ','№01859544','','SEW-Eurodrive','DR63../BR','',0,'MOTOR_PART',NULL,0.00,0.00,0.00,0,'',''),(217,'КОЖУХ КРЫЛЬЧАТКИ ЗАЩИТНЫЙ','№01356771','','SEW-Eurodrive','DT71../BMG','',7149973,'MOTOR_PART',NULL,0.00,0.00,0.00,0,'',''),(218,'КОЖУХ КРЫЛЬЧАТКИ ЗАЩИТНЫЙ','№01350080','','SEW-Eurodrive','DT80../BMG','',7149974,'MOTOR_PART',NULL,0.00,0.00,0.00,0,'',''),(219,'КОЖУХ КРЫЛЬЧАТКИ ЗАЩИТНЫЙ','№01351397','','SEW-Eurodrive','DT90../BMG','',7118363,'MOTOR_PART',0,0.00,5.00,0.00,0,'',''),(220,'КОЖУХ КРЫЛЬЧАТКИ ЗАЩИТНЫЙ','№01826794','','SEW-Eurodrive','DV112../BMG (SDV132../BMG)','',7149975,'MOTOR_PART',NULL,0.00,0.00,0.00,0,'',''),(221,'ДИСК ТОРМОЗНОЙ В СБОРЕ BMG 0,5/1','№01836684','','SEW-Eurodrive','DT71../BMG, DT80../BMG','',7149976,'MOTOR_PART',NULL,0.00,0.00,0.00,0,'',''),(222,'ДИСК ТОРМОЗНОЙ В СБОРЕ BMG 2','01836706','','SEW-Eurodrive','DT90../BMG','',7118359,'MOTOR_PART',0,2.00,10.00,0.00,0,'',''),(223,'ДИСК ТОРМОЗНОЙ В СБОРЕ BMG8','01841262','','SEW-Eurodrive','DV112../BMG (SDV132../BMG)','',7107568,'MOTOR_PART',0,1.00,8.00,0.00,0,'',''),(224,'Каркас катушки в сборе BR03 0,8Nm','05878292','','SEW-Eurodrive','DR63../BR','',8519658,'MOTOR_PART',0,1.00,0.00,0.00,0,'',''),(225,'Каркас катушки в сборе BR03 3,2Nm','05879019','','SEW-Eurodrive','DR63../BR','',8519658,'MOTOR_PART',0,1.00,0.00,0.00,0,'',''),(226,'КАРКАС КАТУШКИ В СБОРЕ BMG0,5 400AC','№08670374','','SEW-Eurodrive','DT71../BMG','',7149977,'MOTOR_PART',NULL,0.00,0.00,0.00,0,'',''),(227,'КАРКАС КАТУШКИ В СБОРЕ BMG1 400AC','№08670412','','SEW-Eurodrive','DT80../BMG','',7149978,'MOTOR_PART',NULL,0.00,0.00,0.00,0,'',''),(228,'КАРКАС КАТУШКИ В СБОРЕ BMG2 400AC','№08670455','','SEW-Eurodrive','DT90../BMG','',7118361,'MOTOR_PART',0,0.00,2.00,0.00,0,'',''),(229,'КАРКАС КАТУШКИ В СБОРЕ BMG8 400AC','№08752370','','SEW-Eurodrive','DV112../BMG (SDV132../BMG)','',7107570,'MOTOR_PART',NULL,0.00,0.00,0.00,0,'',''),(230,'ПРУЖИНА','№01350196','','SEW-Eurodrive','DT71../BMG, DT80../BMG','',7149979,'MOTOR_PART',NULL,0.00,0.00,0.00,0,'',''),(231,'ПРУЖИНА','№01819216','','SEW-Eurodrive','DT90../BMG','',7118362,'MOTOR_PART',NULL,0.00,0.00,0.00,0,'',''),(232,'ПРУЖИНА','01350846','','SEW-Eurodrive','DV112../BMG (SDV132../BMG)','',7104497,'MOTOR_PART',0,3.00,30.00,0.00,0,'',''),(233,'ПРУЖИНА ТОРМОЗНАЯ','№0135017X','','SEW-Eurodrive','DT71../BMG, DT80../BMG','',7149980,'MOTOR_PART',NULL,0.00,0.00,0.00,0,'',''),(234,'ПРУЖИНА ТОРМОЗНАЯ','№01351508','','SEW-Eurodrive','DT90../BMG','',7118357,'MOTOR_PART',NULL,0.00,0.00,0.00,0,'',''),(235,'ПРУЖИНА ТОРМОЗНАЯ BMG8','01848453','','SEW-Eurodrive','DV112../BMG (SDV132../BMG)','',7107566,'MOTOR_PART',0,3.00,30.00,0.00,0,'',''),(236,'ПРУЖИНА ТОРМОЗНАЯ КРАСНАЯ','№01350188','','SEW-Eurodrive','DT71../BMG, DT80../BMG','',7149981,'MOTOR_PART',NULL,0.00,0.00,0.00,0,'',''),(237,'ПРУЖИНА ТОРМОЗНАЯ КРАСНАЯ','№01351516','','SEW-Eurodrive','DT90../BMG','',7118358,'MOTOR_PART',NULL,0.00,0.00,0.00,0,'',''),(238,'ПРУЖИНА ТОРМОЗНАЯ КРАСНАЯ','№01355708','','SEW-Eurodrive','DV112../BMG (SDV132../BMG)','',7107567,'MOTOR_PART',NULL,0.00,0.00,0.00,0,'',''),(239,'УПЛОТНИТЕЛЬНАЯ ЛЕНТА','№01818147','','SEW-Eurodrive','DT71../BMG, DT80../BMG','',7149982,'MOTOR_PART',NULL,0.00,0.00,0.00,0,'',''),(240,'УПЛОТНИТЕЛЬНАЯ ЛЕНТА','№01820265','','SEW-Eurodrive','DT90../BMG','',7149983,'MOTOR_PART',NULL,0.00,0.00,0.00,0,'',''),(241,'УПЛОТНИТЕЛЬНАЯ ЛЕНТА','№01822608','','SEW-Eurodrive','DV112../BMG (SDV132../BMG)','',7107565,'MOTOR_PART',NULL,0.00,0.00,0.00,0,'',''),(242,'Катушка электромагнитная','8023AC','','MGM','ТОРМОЗ ДЛЯ ДВИГАТЕЛЯ','',7102333,'MOTOR_PART',0,1.00,0.00,0.00,0,'',''),(243,'Вентилятор принудительного охлаждения','№01821997','','SEW-Eurodrive','','',7150663,'FAN',NULL,0.00,0.00,0.00,0,'',''),(244,'Вентилятор осевой','A2E200-AF05-15','','EBMPAPST','','',7150664,'FAN',NULL,0.00,0.00,0.00,0,'',''),(245,'Мембрана','','','','Панель оператора TP177B','',8529895,'PLC_OP_PART',NULL,0.00,0.00,0.00,0,'',''),(246,'Сенсор (Touch panel)','','','','Панель оператора TP177B','',8529896,'PLC_OP_PART',NULL,0.00,0.00,0.00,0,'',''),(247,'Сенсор (Touch panel)','','','','Панель оператора TP170A','',8529897,'PLC_OP_PART',NULL,0.00,0.00,0.00,0,'',''),(248,'ЗАЩИТНАЯ МЕМБРАНА ДЛЯ TP170 ','6AV6574-1AD00-4AX0','','Siemens','','',8529898,'PLC_OP_PART',NULL,0.00,0.00,0.00,0,'',''),(249,'ЗАЩИТНАЯ МЕМБРАНА ДЛЯ TP177 ','6AV6671-2XC00-0AX0','','Siemens','','',8529899,'PLC_OP_PART',NULL,0.00,0.00,0.00,0,'',''),(250,'ЗАЩИТНАЯ КРЫШКА ДЛЯ TP177 ','6AV6574-1AE00-4AX0','','Siemens','','',8529900,'PLC_OP_PART',NULL,0.00,0.00,0.00,0,'',''),(251,'ФОТОДАТЧИК','WE250-P440 6026261','','SICK','','',8505545,'PHOTOCELL',NULL,0.00,0.00,0.00,0,'',''),(252,'ФОТОЭЛЕКТРИЧЕСКИЙ ДАТЧИК','WL11B560','','SICK','Паллетайзер','',8511248,'PHOTOCELL',NULL,0.00,0.00,0.00,0,'8505554','ФОТОДАТЧИК WL260-F270 6020976'),(253,'ПАНЕЛЬ ОПЕРАТОРА TP177A','6AV6 642-0AA11-0AX1','','SIEMENS','','',0,'PLC_OP',NULL,0.00,0.00,0.00,0,'',''),(254,'КАТУШКА MSFG-24DC/42AC-OD','34 411','','FESTO','Электромагнитные пневмоклапаны','',7105446,'BREAKER',0,1.00,20.00,0.00,0,'',''),(255,'ШТЕКЕР ДЛЯ КАТУШКИ MSSD-F-S-M16','192 746','','FESTO','','',7105449,'CONNECTOR',0,1.00,10.00,0.00,0,'',''),(256,'ПРОКЛАДКА СВЕТОДИОДНАЯ MF-LD-12-24DC','19 143','','FESTO','Электромагнитные пневмоклапаны','',7100511,'CONNECTOR',0,1.00,29.00,0.00,0,'',''),(257,'РЫЧАГ В ВИДЕ МЕТАЛЛИЧ. СТЕРЖНЯ','ZCY53','','TELEMECANIQUE','','',8514923,'LIMIT_SWITCH',0,2.00,30.00,0.00,0,'',''),(258,'ЧАСТОТНЫЙ ПРЕОБРАЗОВАТЕЛЬ','12.F5 B1B','','KEB','Термоусадочная машина Thimon','',7105019,'ИНВЕРТОР',0,1.00,1.00,0.00,0,'',''),(259,'Мотор-редуктор 0,25 kWt','R37DR63L4M1','','Sew-Eurodrive','','',7102343,'MOTOR',0,1.00,2.00,0.00,0,'',''),(260,'Актюатор стандартный','440G-A27011','','Allen-Bradley','','',8518032,'LIMIT_SWITCH',0,2.00,10.00,0.00,0,'',''),(261,'КРОНШТЕЙН МЕТАЛЛИЧЕСКИЙ','44084','','Emmeti','Палетайзер','',8504609,'FIBER_OPTIC',0,2.00,14.00,0.00,0,'',''),(262,'КРОНШТЕЙН ОПТИЧЕСКОГО ВОЛОКНА D10, L40','','','Emmeti','','',8504610,'BREAKER',0,2.00,25.00,0.00,0,'',''),(263,'ПЛАТА ДЛЯ ОПТОВОЛОКНА 120Х64 SP=30/10','','','Emmeti','Палетайзер','',8504960,'FIBER_OPTIC',0,2.00,20.00,0.00,0,'',''),(264,'ПЛАСТИНА КРЕПЕЖНАЯ 40Х20 L=80','','','Emmeti','Палетайзер','',8504955,'FIBER_OPTIC',0,2.00,20.00,0.00,0,'',''),(265,'ПЛАСТИНА АНТИОТРАЖАЮЩАЯ СТАЛЬНАЯ','','','Emmeti','Палетайзер','',8504954,'FIBER_OPTIC',0,NULL,4.00,0.00,0,'',''),(266,'Выключатель автоматический 1,4-2А','3RV1011-1BA10','','SIEMENS','','Защита двигателя',8510761,'BREAKER',0,2.00,0.00,4.00,0,'',''),(267,'ШИНОПРОВОД СЕРИЯ K70','5411082','','STEMMANN-TECHNIK','Шаттл','Питание',8520860,'CONNECTOR',0,4.00,20.00,0.00,1,'',''),(268,'ЭЛЕМЕНТ РАСШИРЕНИЯ ДЛЯ К70','5410069','','STEMMANN-TECHNIK','Шаттл','Питание',8520861,'CONNECTOR',0,1.00,1.00,0.00,0,'',''),(269,'КРЕПЛЕНИЕ ШИНОПРОВОДА СКОЛЬЗЯЩЕЕ','5410017','','STEMMANN-TECHNIK','Шаттл','Питание',8520862,'CONTACTOR',0,1.00,0.00,0.00,0,'',''),(270,'КРЕПЛЕНИЕ ШИНОПРОВОДА ФИКСИРУЮЩЕЕ','5410019','','STEMMANN-TECHNIK','Шаттл','Питание',8520863,'BREAKER',0,2.00,0.00,0.00,0,'',''),(271,'СКОБА ЖЕСТКОСТИ','0032411','','STEMMANN-TECHNIK','Шаттл','Питание',8520864,'CONNECTOR',0,1.00,0.00,0.00,0,'',''),(272,'КОРОБКА ПИТАНИЯ','5410030','','STEMMANN-TECHNIK','Шаттл','Питание',8520865,'CONNECTOR',0,1.00,0.00,0.00,0,'',''),(273,'ТОКОСЪЕМНИК ДВОЙНОЙ','5411052','','STEMMANN-TECHNIK','Шаттл','Питание',8520866,'CONNECTOR',0,1.00,0.00,0.00,0,'',''),(274,'ТОКОСЪЕМНИК ДВОЙНОЙ БЕЗ КОРОБКИ','5413245','','STEMMANN-TECHNIK','Шаттл','Питание',8520867,'CONTACTOR',0,2.00,3.00,0.00,0,'',''),(275,'КРОНШТЕЙН ТЯГИ ТОКОСЪЕМНИКА ДВОЙНОЙ','551106','','STEMMANN-TECHNIK','Шаттл','Питание',8520868,'CONNECTOR',0,1.00,0.00,0.00,0,'',''),(276,'ЩЕТКА ФАЗЫ ДЛЯ ТОКОСЪЕМНИКА','5490001','','STEMMANN-TECHNIK','Шаттл','Питание',8520869,'CONNECTOR',0,6.00,0.00,0.00,0,'',''),(277,'ЩЕТКА ЗАЗЕМЛЕНИЯ ДЛЯ ТОКОСЪЕМНИКА','5490002','','STEMMANN-TECHNIK','Шаттл','Питание',8520870,'CONNECTOR',0,2.00,0.00,0.00,0,'',''),(278,'РОЛИК ТОКОСЪЕМНИКА ВЕРХНИЙ','0015202','','STEMMANN-TECHNIK','Шаттл','Питание',8520871,'CONNECTOR',0,4.00,0.00,0.00,0,'',''),(279,'РОЛИК ТОКОСЪЕМНИКА НИЖНИЙ','0015192','','STEMMANN-TECHNIK','Шаттл','Питание',8520872,'CONNECTOR',0,4.00,0.00,0.00,0,'',''),(280,'КРЫШКА НА СОЕДИНЕНИЕ ШИНОПРОВОДОВ','5490004','','STEMMANN-TECHNIK','Шаттл','Питание',8520873,'CONNECTOR',0,1.00,5.00,0.00,0,'',''),(281,'СОЕДИНИТЕЛЬ ДЛЯ ШИНОПРОВОДОВ','5490007','','STEMMANN-TECHNIK','Шаттл','Питание',8520874,'CONNECTOR',0,4.00,20.00,0.00,0,'',''),(282,'ЭЛЕКТРОДВИГАТЕЛЬ 0,37KW','1LA7073-4AВ11','','SIEMENS','','',7102444,'MOTOR',0,1.00,2.00,0.00,0,'',''),(283,'ЭЛЕКТРОДВИГАТЕЛЬ','','','SIEMENS','','',7102447,'MOTOR',0,1.00,1.00,0.00,0,'Исправить или создать новый материал при следующем закупе','Электродвигатель Siemens 1LA7073-2AA12  0,55 кВт'),(284,'ДВИГАТЕЛЬ 0.75KW','1LA7080-2AА11','','SIEMENS','','',7103952,'MOTOR',0,1.00,1.00,0.00,0,'',''),(285,'МОТОР РЕДУКТОР ЦИЛИНДРИЧЕСКИЙ','R27DT71D4','','SEW-EURODRIVE','','',7102243,'MOTOR',0,1.00,2.00,0.00,0,'',''),(286,'Головка поворотная','ZCE01','Telemecanique','Schneider Electric','','',8514921,'LIMIT_SWITCH',0,2.00,16.00,0.00,0,'',''),(287,'Головка поворотная','ZCE01','Telemecanique','Schneider Electric','','',8514921,'LIMIT_SWITCH',0,2.00,0.00,0.00,0,'',''),(288,'ГАЙКИ M20Х1,5','PAGM20','','DKC','','',8513073,'BREAKER',0,50.00,300.00,0.00,0,'',''),(289,'Переходник 90 градусов труба-коробка','PAN10M16N','','DKC','','',8513067,'BREAKER',0,10.00,100.00,0.00,0,'',''),(290,'Переходник 90 градусов труба-коробка','PAN12M20N','','DKC','','',8513068,'BREAKER',0,10.00,100.00,0.00,0,'',''),(291,'Кабель гибкий 12X1,5','','','','','',8523302,'CABLE_DUCT',0,50.00,435.00,0.00,1,'ÖLFLEX® FD ROBUST 12G1,5 (0026525)',''),(292,'БЛОК ПИТАНИЯ','','','','','',8515672,'Блок питания',0,0.00,0.00,0.00,0,'INWIN POWER MAN <IP-S300BN1-0> 300W SFX (24+4пин)','Позиция удалена из SAP'),(293,'КОНТРОЛЛЕР ТЕМПЕРАТУРЫ','','','','','',8504560,'POTENTIOMETER',0,1.00,1.00,0.00,0,'OMRON E5CN-R2MT-500','Для печи в лаборатории'),(294,'КОНТАКТОР','3RT1015-1AB01','','SIEMENS','','',8513547,'CONTACTOR',0,1.00,9.00,0.00,0,'',''),(295,'Лампа сигнальная БЕЛАЯ в сборе 24В','XB4BVB1','Harmony','Schneider Electric','','',8504446,'BREAKER',0,2.00,10.00,0.00,0,'СИГНАЛЬНАЯ ЛАМПА 22ММ 24В БЕЛАЯ С ПОДСВЕТКОЙ','http://acti-pro.ru/produktsiya/metallicheskie-knopki-pereklyuchateli-signalnyie-lampyi-schneider-electric-harmony-xb4-komplektuyuschie-zb4/se/xb4bvb1.html'),(296,'Лампа сигнальная ЗЕЛЕНАЯ в сборе 24В','XB4BVB3','Harmony','Schneider Electric','','',8504451,'BREAKER',0,2.00,10.00,0.00,0,'СИГНАЛЬНАЯ ЛАМПА 22ММ 24В ЗЕЛЕНАЯ С ПОДСВЕТКОЙ','http://acti-pro.ru/produktsiya/metallicheskie-knopki-pereklyuchateli-signalnyie-lampyi-schneider-electric-harmony-xb4-komplektuyuschie-zb4/se/xb4bvb3.html'),(297,'Лампа сигнальная КРАСНАЯ в сборе 24В','XB4BVB4','Harmony','Schneider Electric','','',8504450,'BREAKER',0,2.00,10.00,0.00,0,'СИГНАЛЬНАЯ ЛАМПА 22ММ 24В КРАСНАЯ С ПОДСВЕТКОЙ','http://acti-pro.ru/produktsiya/metallicheskie-knopki-pereklyuchateli-signalnyie-lampyi-schneider-electric-harmony-xb4-komplektuyuschie-zb4/se/xb4bvb4.html'),(298,'Лампа сигнальная ЖЕЛТАЯ в сборе 24В','XB4BVB5','Harmony','Schneider Electric','','',8524015,'BREAKER',0,2.00,0.00,0.00,0,'СИГНАЛЬНАЯ ЛАМПА 22ММ 24В ЖЕЛТАЯ С ПОДСВЕТКОЙ','http://acti-pro.ru/produktsiya/metallicheskie-knopki-pereklyuchateli-signalnyie-lampyi-schneider-electric-harmony-xb4-komplektuyuschie-zb4/se/xb4bvb5.html'),(299,'Лампа сигнальная СИНЯЯ в сборе 24В','XB4BVB6','Harmony','Schneider Electric','','',8522798,'BREAKER',0,2.00,0.00,0.00,0,'СИГНАЛЬНАЯ ЛАМПА 22ММ 24В СИНЯЯ С ПОДСВЕТКОЙ','http://acti-pro.ru/produktsiya/metallicheskie-knopki-pereklyuchateli-signalnyie-lampyi-schneider-electric-harmony-xb4-komplektuyuschie-zb4/se/xb4bvb6.html'),(300,'ДАТЧИК ИНДУКТИВНЫЙ','TL-W3MB1','','OMRON','Голова стреповальной машины','',8504216,'PROX_SWITCH',0,2.00,5.00,5.00,0,'','Кабель 2 м. PVC PNP \r\nВнутренний код OMS V06149560'),(301,'РЕЗИСТОР POLYSTER 80W EH1','QRC00151A','','OMS S.p.A.','Голова стреповальной машины','Нагреватель',7101196,'BREAKER',0,2.00,5.00,0.00,0,'',''),(302,'РЕЗИСТОР POLYSTER 80W EH2','QRC00150A','','OMS S.p.A.','Голова стреповальной машины','Нагреватель',7101197,'BREAKER',0,2.00,4.00,4.00,0,'',''),(303,'ПРЕОБРАЗОВАТЕЛЬ ЧАСТОТНЫЙ','','','','','',8505030,'ИНВЕРТОР',0,1.00,2.00,0.00,0,'Control Techniques Commander SK 2,2KW 240V SKCD200220',''),(304,'ГАЙКИ M25Х1,5','PAGM25','','DKC','','Крепеж',8513074,'Прочие',0,10.00,70.00,0.00,0,'',''),(305,'Модуль интерфейсный IM151-1 standard для ET200S','6ES7 151-1AA03-0AB0','SIMATIC','SIEMENS','','',8512102,'PLC_MOD',0,1.00,2.00,0.00,0,'Снят с призводства. Заменен на 6ES7 151-1AA04-0AB0',''),(306,'Выключатель автоматический 1P 10A','5SX2110-7','','SIEMENS','','',8521482,'BREAKER',0,2.00,0.00,10.00,0,'',''),(307,'Отражатель С110А','5304549','','SICK','Холодное покрытие','',7104232,'REFLECTOR',0,2.00,8.00,0.00,0,'Ø83mm',''),(308,'Клапан соленоидный электромагнитный','CM05C0000 008','','MADAS S.r.l.','Термоусадочная машина Thimon','Отключение подачи газа',7100830,'EV',0,1.00,1.00,0.00,0,'M16/RM N.С. DN32',''),(309,'Кнопка ЗЕЛЕНАЯ в сборе с подсветкой 24В','XB4BW33B5','Harmony','Schneider Electric','Пульт управления','',0,'Прочие',0,2.00,0.00,0.00,0,'КНОПКА 22ММ 24В ЗЕЛЕНАЯ С ВОЗВРАТОМ С ПОДСВЕТКОЙ','http://acti-pro.ru/produktsiya/metallicheskie-knopki-pereklyuchateli-signalnyie-lampyi-schneider-electric-harmony-xb4-komplektuyuschie-zb4/se/xb4bw33b5.html'),(310,'Кнопка КРАСНАЯ в сборе с подсветкой 24В','XB4BW34B5','Harmony','Schneider Electric','Пульт управления','',0,'Прочие',0,2.00,0.00,0.00,0,'КНОПКА 22ММ 24В КРАСНАЯ С ВОЗВРАТОМ С ПОДСВЕТКОЙ','http://acti-pro.ru/produktsiya/metallicheskie-knopki-pereklyuchateli-signalnyie-lampyi-schneider-electric-harmony-xb4-komplektuyuschie-zb4/se/xb4bw34b5.html'),(311,'Кнопка ЖЕЛТАЯ в сборе с подсветкой 24В','XB4BW35B5','Harmony','Schneider Electric','Пульт управления','',0,'Прочие',0,2.00,0.00,0.00,0,'КНОПКА 22ММ 24В ЖЕЛТАЯ С ВОЗВРАТОМ С ПОДСВЕТКОЙ','http://acti-pro.ru/produktsiya/metallicheskie-knopki-pereklyuchateli-signalnyie-lampyi-schneider-electric-harmony-xb4-komplektuyuschie-zb4/se/xb4bw35b5.html'),(312,'Кнопка СИНЯЯ в сборе с подсветкой 24В','XB4BW36B5','Harmony','Schneider Electric','Пульт управления','',0,'Прочие',0,2.00,0.00,0.00,0,'КНОПКА 22ММ 24В СИНЯЯ С ВОЗВРАТОМ С ПОДСВЕТКОЙ','http://acti-pro.ru/produktsiya/metallicheskie-knopki-pereklyuchateli-signalnyie-lampyi-schneider-electric-harmony-xb4-komplektuyuschie-zb4/se/xb4bw36b5.html'),(313,'Головка ЗЕЛЕНАЯ для кнопки с подсветкой','ZB4BA38','Harmony','Schneider Electric','Пульт управления','',8514472,'Прочие',0,2.00,0.00,0.00,0,'ГОЛОВКА ДЛЯ КНОПКИ 22ММ ЗЕЛЕНАЯ С ВОЗВРАТОМ','http://acti-pro.ru/produktsiya/metallicheskie-knopki-pereklyuchateli-signalnyie-lampyi-schneider-electric-harmony-xb4-komplektuyuschie-zb4/se/zb4ba38.html'),(314,'Головка КРАСНАЯ для кнопки с подсветкой','ZB4BA48','Harmony','Schneider Electric','Пульт управления','',8514473,'Прочие',0,2.00,0.00,0.00,0,'ГОЛОВКА ДЛЯ КНОПКИ 22ММ КРАСНАЯ С ВОЗВРАТОМ','http://acti-pro.ru/produktsiya/metallicheskie-knopki-pereklyuchateli-signalnyie-lampyi-schneider-electric-harmony-xb4-komplektuyuschie-zb4/se/zb4ba48.html'),(315,'Головка ЖЕЛТАЯ для кнопки с подсветкой','ZB4BA58','Harmony','Schneider Electric','Пульт управления','',8514474,'Прочие',0,2.00,0.00,0.00,0,'ГОЛОВКА ДЛЯ КНОПКИ 22ММ ЖЕЛТАЯ С ВОЗВРАТОМ','http://acti-pro.ru/produktsiya/metallicheskie-knopki-pereklyuchateli-signalnyie-lampyi-schneider-electric-harmony-xb4-komplektuyuschie-zb4/se/zb4ba58.html'),(316,'Головка СИНЯЯ для кнопки с подсветкой','ZB4BA68','Harmony','Schneider Electric','Пульт управления','',8514475,'Прочие',0,2.00,0.00,0.00,0,'ГОЛОВКА ДЛЯ КНОПКИ 22ММ СИНЯЯ С ВОЗВРАТОМ','http://acti-pro.ru/produktsiya/metallicheskie-knopki-pereklyuchateli-signalnyie-lampyi-schneider-electric-harmony-xb4-komplektuyuschie-zb4/se/zb4ba68.html'),(317,'Головка ЧЕРНАЯ для кнопки без подсветки','ZB4BA2','Harmony','Schneider Electric','Пульт управления','',8524012,'Прочие',0,2.00,0.00,0.00,0,'ГОЛОВКА ДЛЯ КНОПКИ 22ММ ЧЕРНАЯ С ВОЗВРАТОМ','http://acti-pro.ru/produktsiya/metallicheskie-knopki-pereklyuchateli-signalnyie-lampyi-schneider-electric-harmony-xb4-komplektuyuschie-zb4/se/zb4ba2.html'),(318,'Головка БЕЛАЯ сигнальной лампы','ZB4BV013','Harmony','Schneider Electric','Пульт управления','',8505667,'Прочие',0,2.00,0.00,0.00,0,'ГОЛОВКА СИГНАЛЬНОЙ ЛАМПЫ 22ММ БЕЛАЯ','http://acti-pro.ru/produktsiya/metallicheskie-knopki-pereklyuchateli-signalnyie-lampyi-schneider-electric-harmony-xb4-komplektuyuschie-zb4/se/zb4bv013.html'),(319,'Головка переключателя ЧЕРНАЯ 2 положения с фиксацией','ZB4BD2','Harmony','Schneider Electric','Пульт управления','Переключение',8519011,'Прочие',0,2.00,0.00,0.00,0,'ГОЛОВКА ПЕРЕКЛЮЧАТЕЛЯ 22ММ ЧЕРНАЯ С ФИКСАЦИЕЙ 2 ПОЛОЖЕНИЯ 90°','http://acti-pro.ru/produktsiya/metallicheskie-knopki-pereklyuchateli-signalnyie-lampyi-schneider-electric-harmony-xb4-komplektuyuschie-zb4/se/zb4bd2.html'),(320,'Головка переключателя ЧЕРНАЯ 3 положения с фиксацией','ZB4BD3','Harmony','Schneider Electric','Пульт управления','Переключение',8519012,'Прочие',0,2.00,0.00,0.00,0,'ГОЛОВКА ПЕРЕКЛЮЧАТЕЛЯ 22ММ ЧЕРНАЯ С ФИКСАЦИЕЙ 3 ПОЛОЖЕНИЯ +/-45°','http://acti-pro.ru/produktsiya/metallicheskie-knopki-pereklyuchateli-signalnyie-lampyi-schneider-electric-harmony-xb4-komplektuyuschie-zb4/se/zb4bd3.html'),(321,'Головка переключателя ЧЕРНАЯ 2 положения с возвратом','ZB4BD4','Harmony','Schneider Electric','Пульт управления','Переключение',0,'Прочие',0,2.00,0.00,0.00,0,'ГОЛОВКА ПЕРЕКЛЮЧАТЕЛЯ 22ММ ЧЕРНАЯ С ВОЗВРАТОМ 2 ПОЛОЖЕНИЯ 90°','http://acti-pro.ru/produktsiya/metallicheskie-knopki-pereklyuchateli-signalnyie-lampyi-schneider-electric-harmony-xb4-komplektuyuschie-zb4/se/zb4bd4.html'),(322,'Головка переключателя ЧЕРНАЯ 3 положения с возвратом','ZB4BD5','Harmony','Schneider Electric','Пульт управления','Переключение',8519013,'Прочие',0,2.00,0.00,0.00,0,'ГОЛОВКА ПЕРЕКЛЮЧАТЕЛЯ 22ММ ЧЕРНАЯ С ВОЗВРАТОМ 3 ПОЛОЖЕНИЯ +/-45°','http://acti-pro.ru/produktsiya/metallicheskie-knopki-pereklyuchateli-signalnyie-lampyi-schneider-electric-harmony-xb4-komplektuyuschie-zb4/se/zb4bd5.html'),(323,'Головка переключателя КРАСНАЯ 2 положения с фиксацией','ZB4BK1243','Harmony','Schneider Electric','Пульт управления','Переключение',8519026,'Прочие',0,2.00,0.00,0.00,0,'ГОЛОВКА ПЕРЕКЛЮЧАТЕЛЯ 22ММ КРАСНАЯ С ПОДСВЕТКОЙ 2 ПОЛОЖЕНИЯ 90°','http://acti-pro.ru/produktsiya/metallicheskie-knopki-pereklyuchateli-signalnyie-lampyi-schneider-electric-harmony-xb4-komplektuyuschie-zb4/se/zb4bk1243.html'),(324,'Головка кнопки аварийного отключения КРАСНАЯ с ключом','ZB4BS944','Harmony','Schneider Electric','Пульт управления','Защита',8530158,'Прочие',0,2.00,0.00,0.00,0,'КНОПКА АВАРИЙНОГО ОСТАНОВА 22ММ КРАСНАЯ  Ø40мм С КЛЮЧЕМ 455','http://acti-pro.ru/produktsiya/metallicheskie-knopki-pereklyuchateli-signalnyie-lampyi-schneider-electric-harmony-xb4-komplektuyuschie-zb4/se/zb4bs944.html'),(325,'Муфта беззазорная','GS 9 98SH-A-GS 1.1-10 ','ROTEX','KTR','Лазерный маркиратор VideoJet','Соединение кодера с валом редуктора',8501366,'Прочие',0,1.00,0.00,0.00,0,'',''),(326,'Блок питания','MAP55-4000','','POWER-ONE','Аппарат давления RPT2','',8503990,'Блок питания',0,1.00,0.00,0.00,0,'',''),(327,'Блок питания','MAP130-1024','','POWER-ONE','Аппарат давления RPT2','',8510771,'Блок питания',0,1.00,0.00,0.00,0,'',''),(328,'Электродвигатель 0,75 kW','BA80B4','','MGM','Термоусадочная машина OMS, конвейер','',8526292,'MOTOR',0,1.00,0.00,0.00,0,'OMS V080605','');
/*!40000 ALTER TABLE `materials` ENABLE KEYS */;
UNLOCK TABLES;

--
-- Table structure for table `mattypes`
--

DROP TABLE IF EXISTS `mattypes`;
/*!40101 SET @saved_cs_client     = @@character_set_client */;
/*!40101 SET character_set_client = utf8 */;
CREATE TABLE `mattypes` (
  `id` int(3) NOT NULL,
  `type_name` varchar(16) NOT NULL,
  PRIMARY KEY (`id`),
  UNIQUE KEY `type_name` (`type_name`)
) ENGINE=InnoDB DEFAULT CHARSET=utf8;
/*!40101 SET character_set_client = @saved_cs_client */;

--
-- Dumping data for table `mattypes`
--

LOCK TABLES `mattypes` WRITE;
/*!40000 ALTER TABLE `mattypes` DISABLE KEYS */;
INSERT INTO `mattypes` VALUES (22,'BREAKER'),(28,'BUTTON'),(36,'CABLE_DUCT'),(20,'CONNECTOR'),(33,'CONTACTOR'),(35,'COVER'),(29,'CURTAIN'),(43,'EL_ADAPTER'),(25,'ENCODER'),(7,'EV'),(21,'FAN'),(9,'FIBER_OPTIC'),(27,'FUSE'),(23,'HANDLE'),(32,'HOUSING'),(14,'ION_SENSOR'),(10,'LENS'),(24,'LIMIT_SWITCH'),(19,'MOTOR'),(37,'MOTOR_PART'),(8,'PHOTOCELL'),(3,'PLC_CPU'),(2,'PLC_MOD'),(101,'PLC_OP'),(41,'PLC_OP_PART'),(5,'PLC_OTHER'),(4,'PLC_PS'),(18,'POS_SENSOR'),(26,'POTENTIOMETER'),(12,'PRESS_SENSOR'),(16,'PRESS_SWITCH'),(17,'PROX_SWITCH'),(31,'PS'),(30,'REFLECTOR'),(15,'RELAY'),(11,'SONAR'),(13,'SPARK_PLUG'),(100,'Блок питания'),(6,'ИНВЕРТОР'),(1,'Прочие');
/*!40000 ALTER TABLE `mattypes` ENABLE KEYS */;
UNLOCK TABLES;

--
-- Table structure for table `orders`
--

DROP TABLE IF EXISTS `orders`;
/*!40101 SET @saved_cs_client     = @@character_set_client */;
/*!40101 SET character_set_client = utf8 */;
CREATE TABLE `orders` (
  `id` int(6) NOT NULL AUTO_INCREMENT,
  `ref_doc` varchar(16) DEFAULT NULL,
  `responsible` varchar(64) NOT NULL,
  `created` datetime NOT NULL,
  `updated` datetime NOT NULL,
  `status` int(1) NOT NULL DEFAULT '0',
  `comment` text NOT NULL,
  PRIMARY KEY (`id`),
  UNIQUE KEY `id` (`id`)
) ENGINE=InnoDB AUTO_INCREMENT=3 DEFAULT CHARSET=utf8;
/*!40101 SET character_set_client = @saved_cs_client */;

--
-- Dumping data for table `orders`
--

LOCK TABLES `orders` WRITE;
/*!40000 ALTER TABLE `orders` DISABLE KEYS */;
INSERT INTO `orders` VALUES (2,'8000075140','Муллагалеев','2017-07-21 11:46:02','2017-07-21 11:46:02',4,'Энкодер для паллетайзеров');
/*!40000 ALTER TABLE `orders` ENABLE KEYS */;
UNLOCK TABLES;

--
-- Table structure for table `outcomes`
--

DROP TABLE IF EXISTS `outcomes`;
/*!40101 SET @saved_cs_client     = @@character_set_client */;
/*!40101 SET character_set_client = utf8 */;
CREATE TABLE `outcomes` (
  `id` int(6) NOT NULL AUTO_INCREMENT,
  `materials_id` int(6) NOT NULL,
  `qty` decimal(5,2) NOT NULL,
  `came_from` int(2) NOT NULL,
  `came_to` int(3) NOT NULL,
  `responsible` varchar(64) NOT NULL,
  `trans_date` date NOT NULL,
  `purpose` int(2) DEFAULT NULL,
  `comment` text NOT NULL,
  PRIMARY KEY (`id`),
  UNIQUE KEY `id` (`id`)
) ENGINE=InnoDB AUTO_INCREMENT=4 DEFAULT CHARSET=utf8;
/*!40101 SET character_set_client = @saved_cs_client */;

--
-- Dumping data for table `outcomes`
--

LOCK TABLES `outcomes` WRITE;
/*!40000 ALTER TABLE `outcomes` DISABLE KEYS */;
INSERT INTO `outcomes` VALUES (1,291,10.00,1,110,'Рамиль Муллагалеев','2017-07-17',0,''),(2,212,1.00,1,111,'Рамиль Муллагалеев','2017-07-18',0,''),(3,292,1.00,1,8,'Рамиль Муллагалеев','2017-10-23',0,'');
/*!40000 ALTER TABLE `outcomes` ENABLE KEYS */;
UNLOCK TABLES;

--
-- Table structure for table `relations`
--

DROP TABLE IF EXISTS `relations`;
/*!40101 SET @saved_cs_client     = @@character_set_client */;
/*!40101 SET character_set_client = utf8 */;
CREATE TABLE `relations` (
  `id` int(6) NOT NULL AUTO_INCREMENT,
  `parent_id` int(6) DEFAULT NULL,
  `child_id` int(6) DEFAULT NULL,
  PRIMARY KEY (`id`),
  UNIQUE KEY `id` (`id`)
) ENGINE=InnoDB AUTO_INCREMENT=32 DEFAULT CHARSET=utf8;
/*!40101 SET character_set_client = @saved_cs_client */;

--
-- Dumping data for table `relations`
--

LOCK TABLES `relations` WRITE;
/*!40000 ALTER TABLE `relations` DISABLE KEYS */;
INSERT INTO `relations` VALUES (1,1,245),(2,1,246),(3,1,247),(4,1,249),(5,1,250),(11,17,20),(12,18,20),(13,18,21),(14,17,21),(15,18,22),(16,18,23),(17,18,24),(19,170,215),(20,170,214),(21,170,216),(22,180,210),(23,243,220),(24,273,276),(25,273,277),(26,273,278),(27,273,279),(28,274,276),(29,274,277),(30,274,278),(31,274,279);
/*!40000 ALTER TABLE `relations` ENABLE KEYS */;
UNLOCK TABLES;

--
-- Table structure for table `usages`
--

DROP TABLE IF EXISTS `usages`;
/*!40101 SET @saved_cs_client     = @@character_set_client */;
/*!40101 SET character_set_client = utf8 */;
CREATE TABLE `usages` (
  `id` int(6) NOT NULL AUTO_INCREMENT,
  `machines_id` int(3) NOT NULL,
  `unit_id` int(2) NOT NULL,
  `materials_id` int(6) NOT NULL,
  `unit_qty` int(3) NOT NULL,
  PRIMARY KEY (`id`),
  UNIQUE KEY `id` (`id`)
) ENGINE=InnoDB AUTO_INCREMENT=85 DEFAULT CHARSET=utf8;
/*!40101 SET character_set_client = @saved_cs_client */;

--
-- Dumping data for table `usages`
--

LOCK TABLES `usages` WRITE;
/*!40000 ALTER TABLE `usages` DISABLE KEYS */;
INSERT INTO `usages` VALUES (2,27,2,252,4),(3,27,3,117,2),(4,27,4,117,1),(5,27,5,119,5),(7,27,8,116,1),(8,27,9,122,1),(9,27,10,117,1),(10,27,11,122,1),(11,27,12,117,1),(79,27,1,252,8),(80,27,6,119,1),(81,27,13,119,3),(82,27,14,119,5),(83,27,15,124,4),(84,27,16,158,1);
/*!40000 ALTER TABLE `usages` ENABLE KEYS */;
UNLOCK TABLES;

--
-- Table structure for table `user`
--

DROP TABLE IF EXISTS `user`;
/*!40101 SET @saved_cs_client     = @@character_set_client */;
/*!40101 SET character_set_client = utf8 */;
CREATE TABLE `user` (
  `id` int(3) NOT NULL AUTO_INCREMENT,
  `name` varchar(25) NOT NULL,
  `surname` varchar(35) NOT NULL,
  `email` varchar(50) NOT NULL,
  `password` varchar(256) NOT NULL,
  `role` varchar(30) NOT NULL,
  `created` date DEFAULT NULL,
  PRIMARY KEY (`id`)
) ENGINE=InnoDB AUTO_INCREMENT=3 DEFAULT CHARSET=utf8;
/*!40101 SET character_set_client = @saved_cs_client */;

--
-- Dumping data for table `user`
--

LOCK TABLES `user` WRITE;
/*!40000 ALTER TABLE `user` DISABLE KEYS */;
INSERT INTO `user` VALUES (1,'Алексей','Пожидаев','alexey.pozhidaev.ext@hotmail.com','213d9d1253be0d49d4af48b3af4dfff5fade707bd85f8fced2db79d527cc546b45648d4fd7d14fb7101d14f9d936b0986de0b7f680960263b9d4c30f7d6cb2cf','ADMIN','2017-01-13'),(2,'Рамиль','Муллагалеев','rmullagaleev@ruscam.ru','9019f3cff25893a1f96535f3a49e16d15528cb0a4c403fabdab305040219d3f3521e864f0c106983379d854f9df70b25e3de573c7235b0acbac5d9c83190afcb','ENGINEER','2017-03-27');
/*!40000 ALTER TABLE `user` ENABLE KEYS */;
UNLOCK TABLES;
/*!40103 SET TIME_ZONE=@OLD_TIME_ZONE */;

/*!40101 SET SQL_MODE=@OLD_SQL_MODE */;
/*!40014 SET FOREIGN_KEY_CHECKS=@OLD_FOREIGN_KEY_CHECKS */;
/*!40014 SET UNIQUE_CHECKS=@OLD_UNIQUE_CHECKS */;
/*!40101 SET CHARACTER_SET_CLIENT=@OLD_CHARACTER_SET_CLIENT */;
/*!40101 SET CHARACTER_SET_RESULTS=@OLD_CHARACTER_SET_RESULTS */;
/*!40101 SET COLLATION_CONNECTION=@OLD_COLLATION_CONNECTION */;
/*!40111 SET SQL_NOTES=@OLD_SQL_NOTES */;

-- Dump completed on 2018-03-18 14:46:45
